TrendID,ProductGroupID,TrendDescription,StartDate,EndDate,Region,SalesForecast,CompetitorAnalysis,MarketGrowthRate,CustomerSentiment,TrendScore
1,6,Trend 1,01/31/2023,01/31/2024,North,139121,Non-competitive,0.08942375556121344,Neutral,1
2,9,Trend 2,02/28/2023,02/29/2024,West,133736,Competitive,0.05786127100601997,Negative,5
3,6,Trend 3,03/31/2023,03/31/2024,West,71499,Non-competitive,0.0803543756856346,Neutral,8
4,1,Trend 4,04/30/2023,04/30/2024,East,141139,Competitive,0.026960840822013547,Negative,5
5,1,Trend 5,05/31/2023,05/31/2024,South,83577,Competitive,0.08768001341497016,Positive,6
6,2,Trend 6,06/30/2023,06/30/2024,West,89783,Non-competitive,0.026868229365281632,Negative,1
7,8,Trend 7,07/31/2023,07/31/2024,South,60646,Competitive,0.014928771345987094,Neutral,9
8,7,Trend 8,08/31/2023,08/31/2024,South,149509,Competitive,0.04793419093852884,Positive,6
9,3,Trend 9,09/30/2023,09/30/2024,West,132793,Competitive,0.05995939870075947,Negative,4
10,5,Trend 10,10/31/2023,10/31/2024,East,149936,Non-competitive,0.09736678085692552,Positive,5
11,6,Trend 11,11/30/2023,11/30/2024,North,148139,Non-competitive,0.018257845009707237,Neutral,3
12,3,Trend 12,12/31/2023,12/31/2024,East,121515,Non-competitive,0.03465262839065995,Neutral,8
13,5,Trend 13,01/31/2024,01/31/2025,South,140706,Non-competitive,0.019459636217384453,Positive,9
14,3,Trend 14,02/29/2024,02/28/2025,East,99121,Competitive,0.04513956730638548,Positive,4
15,5,Trend 15,03/31/2024,03/31/2025,North,86470,Competitive,0.036010997486899274,Positive,5
16,8,Trend 16,04/30/2024,04/30/2025,West,58868,Non-competitive,0.0561970314521116,Positive,9
17,8,Trend 17,05/31/2024,05/31/2025,North,127164,Non-competitive,0.04134310135756723,Neutral,8
18,2,Trend 18,06/30/2024,06/30/2025,East,57430,Competitive,0.0935405216425091,Positive,6
19,8,Trend 19,07/31/2024,07/31/2025,South,66038,Competitive,0.08109530167447364,Negative,1
20,1,Trend 20,08/31/2024,08/31/2025,East,51517,Competitive,0.0874910231752578,Neutral,3
21,7,Trend 21,09/30/2024,09/30/2025,West,91200,Non-competitive,0.021655085134860627,Positive,6
22,8,Trend 22,10/31/2024,10/31/2025,South,123081,Non-competitive,0.061756315028984266,Neutral,7
23,7,Trend 23,11/30/2024,11/30/2025,West,80511,Non-competitive,0.029330428229637287,Negative,9
24,2,Trend 24,12/31/2024,12/31/2025,West,55566,Non-competitive,0.08814147142968001,Neutral,8
25,1,Trend 25,01/31/2025,01/31/2026,West,90775,Non-competitive,0.011351747957808167,Negative,4
26,2,Trend 26,02/28/2025,02/28/2026,East,118650,Competitive,0.019516979361704698,Neutral,6
27,9,Trend 27,03/31/2025,03/31/2026,East,110820,Competitive,0.04384513679925841,Negative,5
28,9,Trend 28,04/30/2025,04/30/2026,East,130753,Competitive,0.046188451548387424,Negative,8
29,4,Trend 29,05/31/2025,05/31/2026,South,132610,Non-competitive,0.03494980746808144,Positive,6
30,9,Trend 30,06/30/2025,06/30/2026,North,130150,Non-competitive,0.018645669888394528,Positive,6
31,8,Trend 31,07/31/2025,07/31/2026,South,140114,Competitive,0.020685736460133424,Positive,1
32,4,Trend 32,08/31/2025,08/31/2026,West,146703,Non-competitive,0.03861502784626005,Neutral,8
33,7,Trend 33,09/30/2025,09/30/2026,East,124601,Non-competitive,0.09557135506699485,Positive,8
34,6,Trend 34,10/31/2025,10/31/2026,South,113616,Competitive,0.02866659083373916,Negative,9
35,2,Trend 35,11/30/2025,11/30/2026,North,88492,Non-competitive,0.07725522889533003,Negative,6
36,4,Trend 36,12/31/2025,12/31/2026,East,92343,Non-competitive,0.03323697976067356,Neutral,2
37,5,Trend 37,01/31/2026,01/31/2027,East,125976,Non-competitive,0.013351623004970633,Neutral,3
38,9,Trend 38,02/28/2026,02/28/2027,West,139097,Non-competitive,0.011444698825035586,Negative,3
39,2,Trend 39,03/31/2026,03/31/2027,North,130222,Non-competitive,0.023743533806305887,Neutral,7
40,5,Trend 40,04/30/2026,04/30/2027,North,52059,Competitive,0.0515875773697968,Positive,4
41,1,Trend 41,05/31/2026,05/31/2027,East,53170,Competitive,0.07803109877840246,Negative,9
42,4,Trend 42,06/30/2026,06/30/2027,West,72824,Non-competitive,0.07559334387506385,Negative,6
43,3,Trend 43,07/31/2026,07/31/2027,West,54059,Non-competitive,0.04171504982347331,Neutral,3
44,1,Trend 44,08/31/2026,08/31/2027,South,85660,Competitive,0.053122535088662236,Negative,1
45,5,Trend 45,09/30/2026,09/30/2027,West,137531,Competitive,0.08326663780380987,Negative,1
46,3,Trend 46,10/31/2026,10/31/2027,North,132109,Non-competitive,0.08545626157410811,Positive,6
47,8,Trend 47,11/30/2026,11/30/2027,East,138706,Non-competitive,0.0387925030376187,Positive,1
48,8,Trend 48,12/31/2026,12/31/2027,North,118434,Competitive,0.010383851656639643,Negative,1
49,9,Trend 49,01/31/2027,01/31/2028,West,139309,Non-competitive,0.014223775890360939,Positive,2
50,7,Trend 50,02/28/2027,02/29/2028,North,77369,Competitive,0.07640266398435856,Negative,8
51,4,Trend 51,03/31/2027,03/31/2028,East,71807,Competitive,0.03453690529652573,Neutral,5
52,8,Trend 52,04/30/2027,04/30/2028,East,68554,Competitive,0.05333372309679871,Positive,2
53,8,Trend 53,05/31/2027,05/31/2028,North,123186,Non-competitive,0.02728281394280299,Neutral,1
54,5,Trend 54,06/30/2027,06/30/2028,West,66464,Non-competitive,0.0862401624473975,Positive,9
55,6,Trend 55,07/31/2027,07/31/2028,West,115911,Competitive,0.05530398486728978,Negative,7
56,4,Trend 56,08/31/2027,08/31/2028,South,87503,Non-competitive,0.05744441581500353,Neutral,7
57,7,Trend 57,09/30/2027,09/30/2028,South,60097,Competitive,0.03592716292771794,Neutral,4
58,9,Trend 58,10/31/2027,10/31/2028,North,61595,Competitive,0.05607993075975307,Negative,1
59,1,Trend 59,11/30/2027,11/30/2028,West,88913,Competitive,0.010176728084426804,Neutral,6
60,3,Trend 60,12/31/2027,12/31/2028,East,145412,Competitive,0.03495655363088891,Positive,2
61,8,Trend 61,01/31/2028,01/31/2029,West,91585,Non-competitive,0.04138866851845924,Negative,1
62,8,Trend 62,02/29/2028,02/28/2029,East,68752,Non-competitive,0.03555557976601324,Negative,4
63,8,Trend 63,03/31/2028,03/31/2029,South,112155,Competitive,0.017735700481967605,Positive,4
64,4,Trend 64,04/30/2028,04/30/2029,East,55093,Non-competitive,0.056960308831065266,Positive,9
65,1,Trend 65,05/31/2028,05/31/2029,East,122398,Non-competitive,0.08096312200361637,Positive,6
66,9,Trend 66,06/30/2028,06/30/2029,North,81595,Competitive,0.09483385920473547,Neutral,9
67,8,Trend 67,07/31/2028,07/31/2029,West,89102,Non-competitive,0.05475608129049972,Positive,1
68,8,Trend 68,08/31/2028,08/31/2029,South,131996,Competitive,0.06343784725198992,Positive,3
69,2,Trend 69,09/30/2028,09/30/2029,West,71552,Non-competitive,0.036177394402942355,Positive,3
70,2,Trend 70,10/31/2028,10/31/2029,South,54132,Non-competitive,0.023424355802816994,Positive,6
71,4,Trend 71,11/30/2028,11/30/2029,South,123265,Non-competitive,0.021868452165559698,Positive,5
72,1,Trend 72,12/31/2028,12/31/2029,East,99737,Non-competitive,0.07591246982826019,Neutral,1
73,9,Trend 73,01/31/2029,01/31/2030,South,98021,Non-competitive,0.0761022491814941,Negative,1
74,7,Trend 74,02/28/2029,02/28/2030,West,66755,Non-competitive,0.026141501497297166,Negative,5
75,5,Trend 75,03/31/2029,03/31/2030,South,84720,Non-competitive,0.047220434179821275,Negative,4
76,6,Trend 76,04/30/2029,04/30/2030,North,77719,Non-competitive,0.06347298951023855,Neutral,9
77,7,Trend 77,05/31/2029,05/31/2030,South,84688,Non-competitive,0.021275375156753387,Negative,4
78,3,Trend 78,06/30/2029,06/30/2030,West,129790,Competitive,0.08068320548819793,Positive,5
79,6,Trend 79,07/31/2029,07/31/2030,West,139880,Non-competitive,0.06579929829882152,Negative,4
80,8,Trend 80,08/31/2029,08/31/2030,East,131488,Competitive,0.0653699522357609,Positive,9
81,9,Trend 81,09/30/2029,09/30/2030,East,81632,Competitive,0.0731087282726769,Positive,9
82,5,Trend 82,10/31/2029,10/31/2030,North,80020,Competitive,0.0988464773859737,Negative,4
83,5,Trend 83,11/30/2029,11/30/2030,East,123178,Competitive,0.06061550103614605,Positive,3
84,8,Trend 84,12/31/2029,12/31/2030,West,118198,Non-competitive,0.08779746355285133,Neutral,7
85,8,Trend 85,01/31/2030,01/31/2031,East,122967,Competitive,0.04768378075514494,Positive,1
86,5,Trend 86,02/28/2030,02/28/2031,East,82444,Non-competitive,0.0689022416104691,Negative,4
87,1,Trend 87,03/31/2030,03/31/2031,West,130905,Competitive,0.09327350690728896,Neutral,6
88,3,Trend 88,04/30/2030,04/30/2031,North,132239,Non-competitive,0.06977357340796678,Negative,9
89,1,Trend 89,05/31/2030,05/31/2031,West,142925,Competitive,0.03727726083487596,Positive,6
90,8,Trend 90,06/30/2030,06/30/2031,West,82324,Competitive,0.0657951124475467,Neutral,7
91,2,Trend 91,07/31/2030,07/31/2031,East,146377,Competitive,0.041618648832237336,Neutral,6
92,8,Trend 92,08/31/2030,08/31/2031,West,73693,Non-competitive,0.03901300076209776,Negative,5
93,9,Trend 93,09/30/2030,09/30/2031,West,77586,Competitive,0.06491845528717333,Negative,4
94,5,Trend 94,10/31/2030,10/31/2031,West,147755,Non-competitive,0.024429090878954837,Negative,7
95,1,Trend 95,11/30/2030,11/30/2031,North,50640,Non-competitive,0.053806504218197805,Neutral,5
96,2,Trend 96,12/31/2030,12/31/2031,North,149362,Non-competitive,0.09510708564877522,Neutral,5
97,9,Trend 97,01/31/2031,01/31/2032,East,50198,Non-competitive,0.04455228177806842,Neutral,9
98,3,Trend 98,02/28/2031,02/29/2032,West,78688,Competitive,0.02700663339212303,Negative,1
99,4,Trend 99,03/31/2031,03/31/2032,East,59893,Competitive,0.0521955054677963,Neutral,3
100,2,Trend 100,04/30/2031,04/30/2032,South,102497,Competitive,0.08568170483081793,Positive,2
101,3,Trend 101,05/31/2031,05/31/2032,West,106486,Non-competitive,0.08584009503355294,Neutral,6
102,8,Trend 102,06/30/2031,06/30/2032,North,68047,Non-competitive,0.08450229155133,Neutral,9
103,3,Trend 103,07/31/2031,07/31/2032,East,70494,Competitive,0.011032796134523203,Negative,3
104,7,Trend 104,08/31/2031,08/31/2032,West,128501,Non-competitive,0.034033627893546574,Neutral,1
105,1,Trend 105,09/30/2031,09/30/2032,South,145678,Non-competitive,0.09998882088168362,Positive,4
106,3,Trend 106,10/31/2031,10/31/2032,East,74960,Competitive,0.020771494947323787,Positive,7
107,7,Trend 107,11/30/2031,11/30/2032,West,126539,Non-competitive,0.054108054647887004,Positive,4
108,7,Trend 108,12/31/2031,12/31/2032,South,98801,Non-competitive,0.08110235355424168,Positive,2
109,3,Trend 109,01/31/2032,01/31/2033,East,69121,Competitive,0.020999251908447057,Negative,5
110,8,Trend 110,02/29/2032,02/28/2033,North,56861,Competitive,0.06961682626221231,Neutral,7
111,8,Trend 111,03/31/2032,03/31/2033,West,136627,Non-competitive,0.053927240096919175,Neutral,3
112,1,Trend 112,04/30/2032,04/30/2033,South,72175,Non-competitive,0.027486098387756813,Positive,5
113,7,Trend 113,05/31/2032,05/31/2033,North,122121,Competitive,0.08907670239244483,Negative,5
114,6,Trend 114,06/30/2032,06/30/2033,West,81945,Competitive,0.026333865780195732,Positive,2
115,2,Trend 115,07/31/2032,07/31/2033,North,83740,Competitive,0.06751475733652978,Positive,6
116,5,Trend 116,08/31/2032,08/31/2033,West,76933,Non-competitive,0.07667441903781362,Negative,9
117,7,Trend 117,09/30/2032,09/30/2033,East,73226,Non-competitive,0.06064055979339055,Negative,2
118,1,Trend 118,10/31/2032,10/31/2033,East,117853,Non-competitive,0.0665957411737472,Neutral,2
119,7,Trend 119,11/30/2032,11/30/2033,East,116537,Non-competitive,0.0207068856959804,Negative,3
120,6,Trend 120,12/31/2032,12/31/2033,South,64374,Non-competitive,0.037723328834907824,Negative,6
121,2,Trend 121,01/31/2033,01/31/2034,South,89515,Competitive,0.06282659865067113,Negative,1
122,3,Trend 122,02/28/2033,02/28/2034,North,63911,Non-competitive,0.04559173446767603,Positive,9
123,2,Trend 123,03/31/2033,03/31/2034,North,148797,Competitive,0.06975514732895206,Neutral,1
124,6,Trend 124,04/30/2033,04/30/2034,West,143307,Competitive,0.08667591803238685,Positive,6
125,5,Trend 125,05/31/2033,05/31/2034,East,139147,Competitive,0.027119988038096524,Negative,2
126,1,Trend 126,06/30/2033,06/30/2034,North,93382,Non-competitive,0.09129454307833015,Neutral,9
127,8,Trend 127,07/31/2033,07/31/2034,South,110407,Competitive,0.0444858265387984,Negative,7
128,9,Trend 128,08/31/2033,08/31/2034,West,144382,Non-competitive,0.09488118976554293,Negative,9
129,6,Trend 129,09/30/2033,09/30/2034,East,86670,Non-competitive,0.06556440817224687,Negative,9
130,8,Trend 130,10/31/2033,10/31/2034,West,97062,Non-competitive,0.081108596903131,Positive,3
131,1,Trend 131,11/30/2033,11/30/2034,East,149773,Competitive,0.056329788553590346,Neutral,9
132,4,Trend 132,12/31/2033,12/31/2034,North,83575,Competitive,0.0578030224953978,Neutral,4
133,2,Trend 133,01/31/2034,01/31/2035,East,91287,Competitive,0.039483450888937476,Negative,6
134,5,Trend 134,02/28/2034,02/28/2035,South,139986,Competitive,0.021642823650461995,Negative,7
135,5,Trend 135,03/31/2034,03/31/2035,North,146699,Competitive,0.04454397206743814,Positive,4
136,7,Trend 136,04/30/2034,04/30/2035,North,111465,Competitive,0.029347883271250992,Negative,6
137,9,Trend 137,05/31/2034,05/31/2035,North,56585,Non-competitive,0.012957873029372492,Positive,1
138,9,Trend 138,06/30/2034,06/30/2035,North,55920,Competitive,0.034739814684273354,Positive,5
139,3,Trend 139,07/31/2034,07/31/2035,South,96973,Competitive,0.026251844740017127,Negative,7
140,8,Trend 140,08/31/2034,08/31/2035,South,53742,Non-competitive,0.08879772835343105,Positive,8
141,6,Trend 141,09/30/2034,09/30/2035,West,94660,Competitive,0.01731129061882645,Negative,5
142,6,Trend 142,10/31/2034,10/31/2035,East,54955,Competitive,0.026550603917369492,Positive,2
143,5,Trend 143,11/30/2034,11/30/2035,East,86009,Non-competitive,0.07336276259827008,Negative,8
144,6,Trend 144,12/31/2034,12/31/2035,North,67870,Non-competitive,0.09273033019182461,Neutral,3
145,9,Trend 145,01/31/2035,01/31/2036,East,126404,Competitive,0.03263126070087407,Positive,3
146,6,Trend 146,02/28/2035,02/29/2036,South,50173,Competitive,0.011917101831524342,Positive,5
147,9,Trend 147,03/31/2035,03/31/2036,North,53413,Competitive,0.09644540254795898,Neutral,9
148,2,Trend 148,04/30/2035,04/30/2036,East,101481,Competitive,0.07139985764265556,Negative,6
149,2,Trend 149,05/31/2035,05/31/2036,West,149530,Competitive,0.037959642645747034,Positive,6
150,9,Trend 150,06/30/2035,06/30/2036,West,85074,Competitive,0.05251360979937159,Negative,6
151,8,Trend 151,07/31/2035,07/31/2036,West,82798,Competitive,0.06393302864908872,Positive,3
152,1,Trend 152,08/31/2035,08/31/2036,South,60317,Competitive,0.0436481714858808,Negative,1
153,4,Trend 153,09/30/2035,09/30/2036,East,76459,Competitive,0.08870390169590593,Negative,9
154,5,Trend 154,10/31/2035,10/31/2036,North,91824,Competitive,0.07535553294768647,Neutral,6
155,3,Trend 155,11/30/2035,11/30/2036,South,121954,Competitive,0.09589066341617901,Negative,5
156,1,Trend 156,12/31/2035,12/31/2036,East,134953,Competitive,0.04159589705633906,Neutral,3
157,4,Trend 157,01/31/2036,01/31/2037,North,86568,Non-competitive,0.0943456679849603,Negative,6
158,6,Trend 158,02/29/2036,02/28/2037,West,149768,Non-competitive,0.05311905168031697,Negative,7
159,2,Trend 159,03/31/2036,03/31/2037,South,74452,Competitive,0.06780903747836244,Negative,5
160,3,Trend 160,04/30/2036,04/30/2037,East,80603,Non-competitive,0.07629824842793988,Neutral,1
161,5,Trend 161,05/31/2036,05/31/2037,North,78184,Non-competitive,0.08284041721051122,Positive,5
162,4,Trend 162,06/30/2036,06/30/2037,East,81474,Non-competitive,0.04566334305544245,Negative,2
163,1,Trend 163,07/31/2036,07/31/2037,North,90598,Non-competitive,0.05031513806632941,Positive,6
164,7,Trend 164,08/31/2036,08/31/2037,North,123094,Non-competitive,0.08355493235014756,Positive,1
165,1,Trend 165,09/30/2036,09/30/2037,East,82924,Non-competitive,0.07458014827818595,Positive,8
166,8,Trend 166,10/31/2036,10/31/2037,North,114053,Non-competitive,0.09467642884371795,Negative,1
167,3,Trend 167,11/30/2036,11/30/2037,South,81390,Competitive,0.0981638084276057,Negative,3
168,9,Trend 168,12/31/2036,12/31/2037,West,130487,Non-competitive,0.026102200272926195,Negative,7
169,4,Trend 169,01/31/2037,01/31/2038,West,97216,Non-competitive,0.030512747063147973,Neutral,3
170,1,Trend 170,02/28/2037,02/28/2038,South,134718,Competitive,0.07443878025511422,Neutral,2
171,9,Trend 171,03/31/2037,03/31/2038,South,136171,Non-competitive,0.0772644461188819,Negative,1
172,5,Trend 172,04/30/2037,04/30/2038,West,85461,Competitive,0.0642861598809273,Neutral,1
173,3,Trend 173,05/31/2037,05/31/2038,North,108787,Competitive,0.08895697877993602,Neutral,2
174,1,Trend 174,06/30/2037,06/30/2038,West,57762,Non-competitive,0.032679141589966466,Negative,6
175,4,Trend 175,07/31/2037,07/31/2038,North,144446,Non-competitive,0.04055386548671132,Neutral,1
176,9,Trend 176,08/31/2037,08/31/2038,West,107392,Competitive,0.05451821632962181,Negative,6
177,2,Trend 177,09/30/2037,09/30/2038,East,124988,Non-competitive,0.038352438007171086,Neutral,5
178,5,Trend 178,10/31/2037,10/31/2038,East,55605,Non-competitive,0.0590895180407624,Neutral,5
179,4,Trend 179,11/30/2037,11/30/2038,West,74316,Competitive,0.071423027136815,Positive,9
180,4,Trend 180,12/31/2037,12/31/2038,North,149352,Competitive,0.02983302110383254,Positive,3
181,7,Trend 181,01/31/2038,01/31/2039,North,58298,Non-competitive,0.053680370857154255,Neutral,9
182,8,Trend 182,02/28/2038,02/28/2039,South,51192,Competitive,0.09936832218737306,Positive,9
183,4,Trend 183,03/31/2038,03/31/2039,North,52283,Non-competitive,0.03917451728631115,Neutral,5
184,6,Trend 184,04/30/2038,04/30/2039,East,120044,Non-competitive,0.013182572754218257,Negative,1
185,4,Trend 185,05/31/2038,05/31/2039,North,97272,Non-competitive,0.0835616556355612,Neutral,1
186,3,Trend 186,06/30/2038,06/30/2039,North,116735,Non-competitive,0.055297610523969615,Negative,2
187,5,Trend 187,07/31/2038,07/31/2039,North,145127,Non-competitive,0.014750547050671347,Neutral,4
188,5,Trend 188,08/31/2038,08/31/2039,East,112876,Competitive,0.09012745245018171,Positive,4
189,1,Trend 189,09/30/2038,09/30/2039,West,137548,Non-competitive,0.04640629419823221,Negative,2
190,4,Trend 190,10/31/2038,10/31/2039,East,85028,Non-competitive,0.09363458639263572,Negative,4
191,4,Trend 191,11/30/2038,11/30/2039,North,74409,Non-competitive,0.046187035642050546,Positive,6
192,9,Trend 192,12/31/2038,12/31/2039,West,101109,Non-competitive,0.016914905629721276,Positive,7
193,4,Trend 193,01/31/2039,01/31/2040,North,67669,Competitive,0.03207710297079935,Negative,9
194,6,Trend 194,02/28/2039,02/29/2040,West,66407,Non-competitive,0.041523445513648255,Neutral,2
195,7,Trend 195,03/31/2039,03/31/2040,North,99521,Non-competitive,0.07756554631197025,Positive,8
196,8,Trend 196,04/30/2039,04/30/2040,East,67092,Competitive,0.02662733371143553,Negative,9
197,6,Trend 197,05/31/2039,05/31/2040,West,115684,Non-competitive,0.0487876288353287,Neutral,2
198,2,Trend 198,06/30/2039,06/30/2040,South,51464,Competitive,0.08859208778343719,Positive,6
199,8,Trend 199,07/31/2039,07/31/2040,South,83821,Non-competitive,0.05803849822355049,Neutral,5
200,1,Trend 200,08/31/2039,08/31/2040,North,71874,Competitive,0.0192839247774151,Neutral,2
201,3,Trend 201,09/30/2039,09/30/2040,South,52716,Non-competitive,0.0122070238349169,Positive,2
202,9,Trend 202,10/31/2039,10/31/2040,West,54338,Competitive,0.07352288210449438,Neutral,4
203,3,Trend 203,11/30/2039,11/30/2040,West,119083,Non-competitive,0.09812147418623954,Neutral,5
204,2,Trend 204,12/31/2039,12/31/2040,North,148486,Competitive,0.08066487366570761,Negative,8
205,5,Trend 205,01/31/2040,01/31/2041,North,117484,Non-competitive,0.07882535771608758,Negative,4
206,1,Trend 206,02/29/2040,02/28/2041,East,146959,Non-competitive,0.0707902764110218,Neutral,4
207,5,Trend 207,03/31/2040,03/31/2041,West,99895,Non-competitive,0.08159524392687986,Negative,4
208,2,Trend 208,04/30/2040,04/30/2041,North,62753,Competitive,0.013601600710537932,Negative,1
209,8,Trend 209,05/31/2040,05/31/2041,West,81292,Non-competitive,0.03382134685451686,Neutral,7
210,4,Trend 210,06/30/2040,06/30/2041,West,147989,Non-competitive,0.07258577823743972,Negative,5
211,2,Trend 211,07/31/2040,07/31/2041,East,113944,Non-competitive,0.08802894966469695,Neutral,5
212,7,Trend 212,08/31/2040,08/31/2041,North,93620,Competitive,0.07071461846351418,Neutral,8
213,7,Trend 213,09/30/2040,09/30/2041,North,118660,Competitive,0.025864851518508848,Positive,6
214,7,Trend 214,10/31/2040,10/31/2041,North,89004,Competitive,0.09426776139511238,Positive,4
215,7,Trend 215,11/30/2040,11/30/2041,South,122288,Non-competitive,0.09130408300997676,Neutral,4
216,1,Trend 216,12/31/2040,12/31/2041,North,56250,Competitive,0.017801088952609574,Positive,8
217,1,Trend 217,01/31/2041,01/31/2042,North,85557,Non-competitive,0.027370003381682773,Neutral,3
218,3,Trend 218,02/28/2041,02/28/2042,North,53129,Non-competitive,0.03476737275494741,Positive,2
219,7,Trend 219,03/31/2041,03/31/2042,West,87342,Non-competitive,0.07645706835441461,Neutral,9
220,1,Trend 220,04/30/2041,04/30/2042,West,100727,Competitive,0.08734359954707713,Neutral,4
221,7,Trend 221,05/31/2041,05/31/2042,East,99742,Competitive,0.062049014870639616,Negative,5
222,8,Trend 222,06/30/2041,06/30/2042,East,89018,Non-competitive,0.027968101358649605,Neutral,7
223,1,Trend 223,07/31/2041,07/31/2042,South,130110,Non-competitive,0.047358089885922626,Neutral,8
224,4,Trend 224,08/31/2041,08/31/2042,East,57481,Competitive,0.022407328023769643,Negative,8
225,1,Trend 225,09/30/2041,09/30/2042,North,133077,Competitive,0.0925656568172582,Positive,4
226,4,Trend 226,10/31/2041,10/31/2042,East,115177,Competitive,0.07880778463694262,Negative,2
227,5,Trend 227,11/30/2041,11/30/2042,South,119583,Competitive,0.055919245042546986,Neutral,5
228,8,Trend 228,12/31/2041,12/31/2042,West,98221,Competitive,0.05082175388537542,Neutral,5
229,6,Trend 229,01/31/2042,01/31/2043,East,137845,Competitive,0.018805787051101294,Positive,8
230,4,Trend 230,02/28/2042,02/28/2043,West,147196,Competitive,0.03868078206702946,Neutral,2
231,9,Trend 231,03/31/2042,03/31/2043,West,62732,Competitive,0.020856951582165682,Positive,2
232,9,Trend 232,04/30/2042,04/30/2043,North,82604,Non-competitive,0.08041042570260341,Neutral,7
233,1,Trend 233,05/31/2042,05/31/2043,West,131449,Competitive,0.05903953360085752,Neutral,2
234,7,Trend 234,06/30/2042,06/30/2043,North,120463,Non-competitive,0.030454964327364296,Neutral,8
235,8,Trend 235,07/31/2042,07/31/2043,West,122967,Non-competitive,0.03017825553303427,Positive,5
236,6,Trend 236,08/31/2042,08/31/2043,West,89042,Non-competitive,0.0334358377764207,Neutral,3
237,5,Trend 237,09/30/2042,09/30/2043,West,142846,Non-competitive,0.03779854770846304,Positive,9
238,6,Trend 238,10/31/2042,10/31/2043,West,125339,Competitive,0.044893461860326896,Positive,6
239,3,Trend 239,11/30/2042,11/30/2043,South,99844,Non-competitive,0.036779403913951354,Negative,1
240,6,Trend 240,12/31/2042,12/31/2043,West,99730,Non-competitive,0.07116003050798354,Neutral,9
241,7,Trend 241,01/31/2043,01/31/2044,East,66793,Competitive,0.013156625737457102,Positive,3
242,7,Trend 242,02/28/2043,02/29/2044,West,62965,Competitive,0.039529928343823136,Positive,7
243,9,Trend 243,03/31/2043,03/31/2044,South,88787,Competitive,0.0770762685572214,Positive,5
244,8,Trend 244,04/30/2043,04/30/2044,North,126663,Competitive,0.09485271865677564,Negative,6
245,8,Trend 245,05/31/2043,05/31/2044,West,118948,Non-competitive,0.08224592951417961,Positive,1
246,8,Trend 246,06/30/2043,06/30/2044,North,124102,Competitive,0.031674358861439864,Positive,4
247,3,Trend 247,07/31/2043,07/31/2044,West,59920,Non-competitive,0.030962392154544854,Positive,5
248,7,Trend 248,08/31/2043,08/31/2044,South,69584,Competitive,0.02713031152454702,Neutral,6
249,1,Trend 249,09/30/2043,09/30/2044,South,108193,Non-competitive,0.08942477813727484,Neutral,7
250,6,Trend 250,10/31/2043,10/31/2044,North,71422,Competitive,0.03140701185170979,Negative,4
251,3,Trend 251,11/30/2043,11/30/2044,North,99123,Competitive,0.07823625610718148,Neutral,8
252,2,Trend 252,12/31/2043,12/31/2044,West,127268,Non-competitive,0.033494475826421795,Negative,9
253,9,Trend 253,01/31/2044,01/31/2045,East,86406,Non-competitive,0.012977365906676407,Neutral,6
254,6,Trend 254,02/29/2044,02/28/2045,North,123343,Non-competitive,0.07601029300618893,Neutral,6
255,5,Trend 255,03/31/2044,03/31/2045,South,134131,Non-competitive,0.07535816288156809,Positive,9
256,2,Trend 256,04/30/2044,04/30/2045,South,117406,Competitive,0.018006319986494813,Positive,2
257,3,Trend 257,05/31/2044,05/31/2045,North,131074,Competitive,0.039403113213664145,Positive,1
258,1,Trend 258,06/30/2044,06/30/2045,East,140724,Non-competitive,0.09535287611701204,Positive,2
259,5,Trend 259,07/31/2044,07/31/2045,North,82114,Competitive,0.024665409872396606,Positive,2
260,8,Trend 260,08/31/2044,08/31/2045,North,89018,Non-competitive,0.017800522538761913,Neutral,5
261,1,Trend 261,09/30/2044,09/30/2045,East,99894,Competitive,0.06351434993004633,Neutral,6
262,7,Trend 262,10/31/2044,10/31/2045,East,79335,Competitive,0.09378908788113748,Positive,8
263,3,Trend 263,11/30/2044,11/30/2045,North,148497,Competitive,0.02204004769687823,Positive,5
264,5,Trend 264,12/31/2044,12/31/2045,East,63056,Competitive,0.05617110642940161,Positive,7
265,4,Trend 265,01/31/2045,01/31/2046,North,63088,Non-competitive,0.07155992927052619,Neutral,8
266,7,Trend 266,02/28/2045,02/28/2046,West,69275,Non-competitive,0.02546467836461444,Neutral,4
267,8,Trend 267,03/31/2045,03/31/2046,North,114537,Competitive,0.011013390414297053,Neutral,3
268,7,Trend 268,04/30/2045,04/30/2046,North,119815,Competitive,0.08989148174317524,Positive,4
269,4,Trend 269,05/31/2045,05/31/2046,North,133525,Competitive,0.013170814358802357,Neutral,4
270,1,Trend 270,06/30/2045,06/30/2046,East,115029,Non-competitive,0.033171245542690714,Positive,5
271,7,Trend 271,07/31/2045,07/31/2046,East,82014,Competitive,0.06865156285666017,Negative,2
272,5,Trend 272,08/31/2045,08/31/2046,North,63015,Competitive,0.0357204640020186,Neutral,1
273,8,Trend 273,09/30/2045,09/30/2046,South,99666,Competitive,0.010873683691733492,Positive,6
274,7,Trend 274,10/31/2045,10/31/2046,West,114603,Competitive,0.06179066510184842,Neutral,3
275,3,Trend 275,11/30/2045,11/30/2046,South,132680,Non-competitive,0.03770130505012395,Neutral,4
276,6,Trend 276,12/31/2045,12/31/2046,West,115507,Non-competitive,0.023636265566691083,Neutral,8
277,9,Trend 277,01/31/2046,01/31/2047,South,74802,Non-competitive,0.0974154980559322,Neutral,9
278,7,Trend 278,02/28/2046,02/28/2047,West,146186,Non-competitive,0.024847504110905725,Positive,8
279,5,Trend 279,03/31/2046,03/31/2047,East,144232,Non-competitive,0.07545118970289494,Neutral,4
280,3,Trend 280,04/30/2046,04/30/2047,West,52163,Non-competitive,0.09016517723441618,Positive,9
281,5,Trend 281,05/31/2046,05/31/2047,East,83550,Non-competitive,0.08728436041542507,Positive,1
282,1,Trend 282,06/30/2046,06/30/2047,South,86853,Non-competitive,0.026583136044260214,Negative,2
283,1,Trend 283,07/31/2046,07/31/2047,South,53542,Non-competitive,0.031312768032481536,Negative,2
284,4,Trend 284,08/31/2046,08/31/2047,North,54384,Competitive,0.011652637285231518,Negative,7
285,5,Trend 285,09/30/2046,09/30/2047,East,68888,Competitive,0.09382649205383689,Negative,4
286,4,Trend 286,10/31/2046,10/31/2047,South,82617,Non-competitive,0.08984090589915758,Neutral,6
287,2,Trend 287,11/30/2046,11/30/2047,West,145654,Non-competitive,0.06359195520725887,Negative,5
288,3,Trend 288,12/31/2046,12/31/2047,West,87524,Non-competitive,0.019843088995616834,Negative,2
289,6,Trend 289,01/31/2047,01/31/2048,South,76520,Competitive,0.02561883821582514,Negative,1
290,5,Trend 290,02/28/2047,02/29/2048,South,60951,Competitive,0.06192643338393477,Negative,5
291,1,Trend 291,03/31/2047,03/31/2048,West,121835,Competitive,0.03264912761501305,Positive,9
292,9,Trend 292,04/30/2047,04/30/2048,South,123381,Non-competitive,0.03701546499124436,Positive,3
293,3,Trend 293,05/31/2047,05/31/2048,South,79161,Competitive,0.025388861404871656,Negative,5
294,4,Trend 294,06/30/2047,06/30/2048,West,73263,Non-competitive,0.027063254716548836,Neutral,6
295,5,Trend 295,07/31/2047,07/31/2048,East,135349,Non-competitive,0.051707903895140635,Neutral,7
296,5,Trend 296,08/31/2047,08/31/2048,East,112930,Competitive,0.05588865753655924,Negative,4
297,9,Trend 297,09/30/2047,09/30/2048,South,72326,Non-competitive,0.056042190069825935,Neutral,6
298,3,Trend 298,10/31/2047,10/31/2048,West,148038,Non-competitive,0.09974249194302288,Positive,5
299,2,Trend 299,11/30/2047,11/30/2048,West,123973,Non-competitive,0.021663623554312582,Positive,5
300,7,Trend 300,12/31/2047,12/31/2048,South,59673,Competitive,0.07805528995489619,Positive,5
301,4,Trend 301,01/31/2048,01/31/2049,East,144469,Competitive,0.08143810725024034,Negative,5
302,9,Trend 302,02/29/2048,02/28/2049,West,61886,Non-competitive,0.06263943388934685,Neutral,3
303,8,Trend 303,03/31/2048,03/31/2049,North,74642,Non-competitive,0.05164643622423928,Positive,5
304,1,Trend 304,04/30/2048,04/30/2049,West,53070,Non-competitive,0.09040839736152514,Positive,8
305,6,Trend 305,05/31/2048,05/31/2049,West,97353,Non-competitive,0.08453621971658122,Positive,6
306,3,Trend 306,06/30/2048,06/30/2049,West,102446,Non-competitive,0.014526184242583335,Negative,1
307,3,Trend 307,07/31/2048,07/31/2049,North,82946,Competitive,0.09666853777790686,Neutral,6
308,9,Trend 308,08/31/2048,08/31/2049,South,124242,Competitive,0.010660590257827942,Positive,5
309,6,Trend 309,09/30/2048,09/30/2049,North,129239,Non-competitive,0.06158189842155478,Neutral,1
310,1,Trend 310,10/31/2048,10/31/2049,East,95273,Competitive,0.06151877352343655,Neutral,2
311,6,Trend 311,11/30/2048,11/30/2049,South,107173,Competitive,0.08509416983114652,Positive,5
312,9,Trend 312,12/31/2048,12/31/2049,South,83956,Competitive,0.04462444611328381,Neutral,4
313,7,Trend 313,01/31/2049,01/31/2050,North,118674,Non-competitive,0.0181936782141384,Positive,9
314,7,Trend 314,02/28/2049,02/28/2050,West,72777,Non-competitive,0.06235185424320324,Neutral,2
315,1,Trend 315,03/31/2049,03/31/2050,West,148827,Competitive,0.012236127432735815,Positive,1
316,5,Trend 316,04/30/2049,04/30/2050,North,56563,Non-competitive,0.04256161848164453,Negative,5
317,8,Trend 317,05/31/2049,05/31/2050,North,132855,Competitive,0.09867851218767906,Negative,3
318,4,Trend 318,06/30/2049,06/30/2050,East,51588,Competitive,0.0881900982599518,Negative,4
319,1,Trend 319,07/31/2049,07/31/2050,North,149273,Competitive,0.02372470675850849,Positive,9
320,2,Trend 320,08/31/2049,08/31/2050,North,107991,Competitive,0.0818943480150474,Positive,9
321,7,Trend 321,09/30/2049,09/30/2050,East,110340,Non-competitive,0.08298972274793741,Negative,2
322,1,Trend 322,10/31/2049,10/31/2050,East,148030,Competitive,0.09353864972144584,Negative,5
323,7,Trend 323,11/30/2049,11/30/2050,North,66069,Competitive,0.03019458394395861,Neutral,7
324,2,Trend 324,12/31/2049,12/31/2050,East,108553,Non-competitive,0.05490707270499641,Negative,6
325,7,Trend 325,01/31/2050,01/31/2051,East,122793,Non-competitive,0.08446996822699683,Neutral,4
326,5,Trend 326,02/28/2050,02/28/2051,West,113991,Non-competitive,0.07006004064983778,Positive,3
327,3,Trend 327,03/31/2050,03/31/2051,West,146723,Competitive,0.06345425290453927,Negative,1
328,6,Trend 328,04/30/2050,04/30/2051,West,51965,Competitive,0.06867782386936677,Negative,8
329,5,Trend 329,05/31/2050,05/31/2051,North,122180,Competitive,0.031466441151911176,Negative,5
330,7,Trend 330,06/30/2050,06/30/2051,East,132044,Non-competitive,0.012298607638821166,Negative,1
331,3,Trend 331,07/31/2050,07/31/2051,East,119187,Non-competitive,0.07626315317018807,Positive,4
332,3,Trend 332,08/31/2050,08/31/2051,South,54201,Competitive,0.039411264279778986,Negative,8
333,8,Trend 333,09/30/2050,09/30/2051,West,66723,Non-competitive,0.04390811982281318,Positive,6
334,6,Trend 334,10/31/2050,10/31/2051,East,57621,Non-competitive,0.06513544487345987,Neutral,1
335,1,Trend 335,11/30/2050,11/30/2051,East,58394,Competitive,0.06914485381271654,Neutral,2
336,8,Trend 336,12/31/2050,12/31/2051,East,95375,Competitive,0.028260901056055825,Negative,8
337,9,Trend 337,01/31/2051,01/31/2052,West,70841,Competitive,0.0843428384060877,Neutral,4
338,9,Trend 338,02/28/2051,02/29/2052,South,88818,Non-competitive,0.044218594472093156,Neutral,8
339,9,Trend 339,03/31/2051,03/31/2052,South,88611,Competitive,0.06685699676512524,Neutral,7
340,1,Trend 340,04/30/2051,04/30/2052,West,101618,Non-competitive,0.09697702740870795,Negative,2
341,8,Trend 341,05/31/2051,05/31/2052,South,125737,Non-competitive,0.060830761173997265,Neutral,7
342,3,Trend 342,06/30/2051,06/30/2052,South,128504,Competitive,0.042302002760997125,Negative,2
343,1,Trend 343,07/31/2051,07/31/2052,North,142503,Competitive,0.06570730978661281,Neutral,1
344,8,Trend 344,08/31/2051,08/31/2052,South,91419,Non-competitive,0.05516138062568526,Neutral,8
345,2,Trend 345,09/30/2051,09/30/2052,South,119030,Competitive,0.05071386230000665,Neutral,4
346,2,Trend 346,10/31/2051,10/31/2052,North,135963,Non-competitive,0.07590436612806417,Positive,5
347,6,Trend 347,11/30/2051,11/30/2052,North,61797,Non-competitive,0.09320591349856924,Negative,3
348,2,Trend 348,12/31/2051,12/31/2052,East,107487,Non-competitive,0.05313442737552306,Neutral,8
349,6,Trend 349,01/31/2052,01/31/2053,South,117780,Non-competitive,0.017940713590008622,Neutral,7
350,7,Trend 350,02/29/2052,02/28/2053,West,108578,Competitive,0.06126882010156666,Negative,6
351,5,Trend 351,03/31/2052,03/31/2053,South,139867,Competitive,0.032045576960335095,Negative,3
352,9,Trend 352,04/30/2052,04/30/2053,North,138228,Competitive,0.013562012032783224,Negative,6
353,8,Trend 353,05/31/2052,05/31/2053,North,129033,Non-competitive,0.08093261859793148,Neutral,8
354,6,Trend 354,06/30/2052,06/30/2053,South,50027,Competitive,0.034549141299830936,Neutral,6
355,2,Trend 355,07/31/2052,07/31/2053,East,64543,Non-competitive,0.07993634436481455,Positive,2
356,9,Trend 356,08/31/2052,08/31/2053,East,114897,Non-competitive,0.053938804877938444,Neutral,7
357,1,Trend 357,09/30/2052,09/30/2053,East,91089,Competitive,0.038614230196760385,Negative,8
358,6,Trend 358,10/31/2052,10/31/2053,North,62249,Non-competitive,0.038262290504580715,Negative,6
359,4,Trend 359,11/30/2052,11/30/2053,East,76815,Non-competitive,0.013782228407750301,Neutral,2
360,1,Trend 360,12/31/2052,12/31/2053,East,102698,Non-competitive,0.058095985321409575,Neutral,3
361,5,Trend 361,01/31/2053,01/31/2054,North,86198,Competitive,0.08411964003970844,Neutral,8
362,9,Trend 362,02/28/2053,02/28/2054,North,138975,Non-competitive,0.017550581724944017,Negative,6
363,7,Trend 363,03/31/2053,03/31/2054,North,130981,Competitive,0.01977028350478459,Negative,4
364,3,Trend 364,04/30/2053,04/30/2054,North,76320,Non-competitive,0.05763303341809453,Negative,6
365,5,Trend 365,05/31/2053,05/31/2054,South,133579,Non-competitive,0.06941276286612372,Negative,3
366,4,Trend 366,06/30/2053,06/30/2054,North,101867,Non-competitive,0.07252713931029955,Neutral,6
367,3,Trend 367,07/31/2053,07/31/2054,South,115245,Non-competitive,0.03818995256321975,Negative,6
368,1,Trend 368,08/31/2053,08/31/2054,East,84062,Competitive,0.013399999822553185,Negative,7
369,1,Trend 369,09/30/2053,09/30/2054,North,109916,Competitive,0.04731065917231555,Negative,2
370,5,Trend 370,10/31/2053,10/31/2054,East,54863,Non-competitive,0.030343975378776478,Negative,1
371,3,Trend 371,11/30/2053,11/30/2054,West,117945,Non-competitive,0.010100334722716599,Positive,3
372,6,Trend 372,12/31/2053,12/31/2054,East,73316,Non-competitive,0.0717144915003163,Neutral,6
373,1,Trend 373,01/31/2054,01/31/2055,North,118261,Competitive,0.09568562851490799,Positive,2
374,1,Trend 374,02/28/2054,02/28/2055,West,92558,Non-competitive,0.045203658448152544,Negative,2
375,4,Trend 375,03/31/2054,03/31/2055,West,55314,Competitive,0.037026858643431686,Positive,3
376,9,Trend 376,04/30/2054,04/30/2055,East,57585,Non-competitive,0.05983766313492658,Negative,3
377,6,Trend 377,05/31/2054,05/31/2055,South,141961,Non-competitive,0.08667786322583933,Positive,4
378,4,Trend 378,06/30/2054,06/30/2055,West,109338,Non-competitive,0.0815470682223631,Positive,8
379,2,Trend 379,07/31/2054,07/31/2055,South,120917,Competitive,0.0716281034480719,Negative,8
380,5,Trend 380,08/31/2054,08/31/2055,West,125903,Competitive,0.04888963821697359,Positive,6
381,8,Trend 381,09/30/2054,09/30/2055,West,90448,Non-competitive,0.07213906178688824,Negative,7
382,4,Trend 382,10/31/2054,10/31/2055,West,137785,Competitive,0.029442281612644637,Neutral,3
383,3,Trend 383,11/30/2054,11/30/2055,East,109012,Competitive,0.03555490940616221,Positive,5
384,3,Trend 384,12/31/2054,12/31/2055,East,103312,Non-competitive,0.0800038549810346,Positive,8
385,3,Trend 385,01/31/2055,01/31/2056,East,99593,Non-competitive,0.0936982122711721,Negative,2
386,7,Trend 386,02/28/2055,02/29/2056,West,136051,Competitive,0.027104455325502083,Negative,2
387,7,Trend 387,03/31/2055,03/31/2056,South,109806,Non-competitive,0.03664569604764093,Negative,2
388,1,Trend 388,04/30/2055,04/30/2056,South,82900,Competitive,0.010558924047146449,Negative,5
389,2,Trend 389,05/31/2055,05/31/2056,East,122060,Non-competitive,0.048840602075236154,Neutral,7
390,6,Trend 390,06/30/2055,06/30/2056,East,69787,Non-competitive,0.028926556457734093,Positive,9
391,7,Trend 391,07/31/2055,07/31/2056,East,82236,Competitive,0.06772823042982594,Positive,7
392,6,Trend 392,08/31/2055,08/31/2056,North,94624,Competitive,0.07386302941102976,Negative,6
393,9,Trend 393,09/30/2055,09/30/2056,East,144734,Non-competitive,0.020689994295863656,Positive,5
394,9,Trend 394,10/31/2055,10/31/2056,South,125700,Non-competitive,0.017392960182873847,Positive,5
395,6,Trend 395,11/30/2055,11/30/2056,South,87873,Competitive,0.09157015626223022,Neutral,9
396,6,Trend 396,12/31/2055,12/31/2056,South,60750,Non-competitive,0.04503148792668676,Neutral,9
397,8,Trend 397,01/31/2056,01/31/2057,South,117382,Competitive,0.058006314753941295,Negative,2
398,6,Trend 398,02/29/2056,02/28/2057,North,65247,Non-competitive,0.09669174084223035,Positive,7
399,2,Trend 399,03/31/2056,03/31/2057,North,149296,Competitive,0.07831486109947018,Neutral,9
400,4,Trend 400,04/30/2056,04/30/2057,North,64552,Non-competitive,0.03929862678390906,Neutral,2
401,4,Trend 401,05/31/2056,05/31/2057,East,53959,Non-competitive,0.01772643710082642,Neutral,6
402,4,Trend 402,06/30/2056,06/30/2057,West,108496,Non-competitive,0.058242161501957004,Neutral,3
403,4,Trend 403,07/31/2056,07/31/2057,East,101390,Non-competitive,0.04025128986435981,Neutral,6
404,7,Trend 404,08/31/2056,08/31/2057,West,148561,Competitive,0.011951686407349171,Positive,6
405,2,Trend 405,09/30/2056,09/30/2057,West,56979,Non-competitive,0.07940370999284009,Neutral,6
406,4,Trend 406,10/31/2056,10/31/2057,North,79687,Competitive,0.044641821686858464,Positive,5
407,1,Trend 407,11/30/2056,11/30/2057,South,90559,Competitive,0.061418903505286206,Negative,8
408,6,Trend 408,12/31/2056,12/31/2057,East,84940,Competitive,0.07801685702166074,Neutral,7
409,1,Trend 409,01/31/2057,01/31/2058,North,129697,Competitive,0.09467626779109412,Negative,2
410,6,Trend 410,02/28/2057,02/28/2058,East,101451,Competitive,0.06510901048161603,Neutral,3
411,3,Trend 411,03/31/2057,03/31/2058,South,132857,Competitive,0.03838565609021289,Negative,2
412,8,Trend 412,04/30/2057,04/30/2058,North,78499,Competitive,0.019906885706231614,Negative,2
413,7,Trend 413,05/31/2057,05/31/2058,East,100220,Competitive,0.0166526999120145,Negative,5
414,5,Trend 414,06/30/2057,06/30/2058,North,148417,Competitive,0.03877216964854566,Neutral,2
415,1,Trend 415,07/31/2057,07/31/2058,West,99889,Competitive,0.06947552250604046,Negative,7
416,3,Trend 416,08/31/2057,08/31/2058,West,140502,Non-competitive,0.07256368582549214,Positive,6
417,5,Trend 417,09/30/2057,09/30/2058,North,70439,Competitive,0.028694623605668892,Positive,4
418,9,Trend 418,10/31/2057,10/31/2058,West,135944,Non-competitive,0.01745163447295127,Positive,9
419,8,Trend 419,11/30/2057,11/30/2058,West,143681,Competitive,0.037495959515742805,Neutral,3
420,7,Trend 420,12/31/2057,12/31/2058,North,52607,Non-competitive,0.05928171038691155,Negative,4
421,8,Trend 421,01/31/2058,01/31/2059,South,124811,Competitive,0.07792027070273783,Positive,4
422,8,Trend 422,02/28/2058,02/28/2059,East,139181,Competitive,0.05766915885130384,Negative,5
423,2,Trend 423,03/31/2058,03/31/2059,West,134562,Non-competitive,0.03582853774723671,Positive,4
424,8,Trend 424,04/30/2058,04/30/2059,East,62258,Non-competitive,0.06617617509375198,Negative,8
425,8,Trend 425,05/31/2058,05/31/2059,North,68162,Non-competitive,0.03383529896585762,Negative,4
426,4,Trend 426,06/30/2058,06/30/2059,North,143160,Competitive,0.06874236229010708,Positive,9
427,9,Trend 427,07/31/2058,07/31/2059,North,139738,Non-competitive,0.0857708207044064,Positive,6
428,4,Trend 428,08/31/2058,08/31/2059,East,137383,Non-competitive,0.06750530383315885,Positive,7
429,1,Trend 429,09/30/2058,09/30/2059,North,124561,Non-competitive,0.060906832207906055,Negative,1
430,7,Trend 430,10/31/2058,10/31/2059,South,91581,Competitive,0.03764278983437752,Neutral,4
431,4,Trend 431,11/30/2058,11/30/2059,East,107439,Non-competitive,0.08890993359441651,Positive,1
432,1,Trend 432,12/31/2058,12/31/2059,North,140072,Non-competitive,0.09899396962455696,Negative,2
433,7,Trend 433,01/31/2059,01/31/2060,North,99225,Competitive,0.0799731488088947,Negative,1
434,6,Trend 434,02/28/2059,02/29/2060,North,117423,Competitive,0.06162794718133773,Negative,3
435,7,Trend 435,03/31/2059,03/31/2060,East,106795,Non-competitive,0.02271513993769015,Positive,4
436,5,Trend 436,04/30/2059,04/30/2060,South,105074,Non-competitive,0.03834361201533432,Negative,3
437,7,Trend 437,05/31/2059,05/31/2060,South,147074,Non-competitive,0.04301733867320654,Negative,1
438,7,Trend 438,06/30/2059,06/30/2060,South,75395,Competitive,0.036270569892471925,Neutral,3
439,3,Trend 439,07/31/2059,07/31/2060,North,78901,Non-competitive,0.050135753327403505,Neutral,7
440,3,Trend 440,08/31/2059,08/31/2060,North,108322,Competitive,0.06495692651808813,Positive,7
441,5,Trend 441,09/30/2059,09/30/2060,North,102915,Competitive,0.029162313146364728,Positive,4
442,2,Trend 442,10/31/2059,10/31/2060,North,125928,Non-competitive,0.03247837788580335,Negative,4
443,3,Trend 443,11/30/2059,11/30/2060,South,111623,Non-competitive,0.02009354348989871,Positive,9
444,4,Trend 444,12/31/2059,12/31/2060,West,121492,Competitive,0.03768297302573222,Negative,2
445,4,Trend 445,01/31/2060,01/31/2061,East,104209,Competitive,0.054770345072617896,Positive,5
446,7,Trend 446,02/29/2060,02/28/2061,West,87356,Competitive,0.05408270062390795,Neutral,6
447,8,Trend 447,03/31/2060,03/31/2061,South,68685,Non-competitive,0.09960194906617566,Positive,6
448,1,Trend 448,04/30/2060,04/30/2061,South,81781,Competitive,0.09829977067572643,Neutral,8
449,4,Trend 449,05/31/2060,05/31/2061,East,84361,Non-competitive,0.0492906494513029,Neutral,8
450,4,Trend 450,06/30/2060,06/30/2061,East,54833,Non-competitive,0.09748185596112857,Positive,7
451,7,Trend 451,07/31/2060,07/31/2061,East,92225,Non-competitive,0.029295811375823266,Negative,9
452,9,Trend 452,08/31/2060,08/31/2061,West,97660,Competitive,0.05870087974980581,Neutral,8
453,7,Trend 453,09/30/2060,09/30/2061,East,58889,Non-competitive,0.050809178302275854,Negative,2
454,6,Trend 454,10/31/2060,10/31/2061,South,107213,Competitive,0.09708480077612916,Negative,3
455,2,Trend 455,11/30/2060,11/30/2061,North,66809,Non-competitive,0.08525586008218226,Neutral,2
456,4,Trend 456,12/31/2060,12/31/2061,East,100592,Non-competitive,0.029273223230266716,Negative,6
457,3,Trend 457,01/31/2061,01/31/2062,South,82502,Competitive,0.04955851919398521,Neutral,3
458,7,Trend 458,02/28/2061,02/28/2062,East,95623,Non-competitive,0.025162927448180245,Negative,3
459,4,Trend 459,03/31/2061,03/31/2062,South,84879,Competitive,0.05761784894097254,Negative,3
460,7,Trend 460,04/30/2061,04/30/2062,South,50208,Competitive,0.08141362067503301,Positive,3
461,8,Trend 461,05/31/2061,05/31/2062,North,111403,Competitive,0.013229123406941507,Neutral,3
462,3,Trend 462,06/30/2061,06/30/2062,South,118556,Competitive,0.0272222989782148,Positive,1
463,9,Trend 463,07/31/2061,07/31/2062,West,99208,Non-competitive,0.09797100079537147,Negative,2
464,1,Trend 464,08/31/2061,08/31/2062,South,55274,Competitive,0.09647175754185804,Positive,4
465,2,Trend 465,09/30/2061,09/30/2062,East,134414,Competitive,0.060093249319189176,Positive,5
466,9,Trend 466,10/31/2061,10/31/2062,East,97580,Competitive,0.06814816493463453,Positive,8
467,7,Trend 467,11/30/2061,11/30/2062,West,122086,Non-competitive,0.034488371286394696,Positive,8
468,1,Trend 468,12/31/2061,12/31/2062,North,140352,Non-competitive,0.09568819771415558,Neutral,8
469,1,Trend 469,01/31/2062,01/31/2063,West,147267,Non-competitive,0.07027973256945161,Neutral,1
470,2,Trend 470,02/28/2062,02/28/2063,North,70646,Non-competitive,0.07001271956248856,Negative,4
471,3,Trend 471,03/31/2062,03/31/2063,North,141028,Non-competitive,0.010999300003293059,Negative,3
472,8,Trend 472,04/30/2062,04/30/2063,South,51210,Competitive,0.08676728648647236,Negative,7
473,8,Trend 473,05/31/2062,05/31/2063,North,106875,Competitive,0.08004935968121818,Neutral,9
474,5,Trend 474,06/30/2062,06/30/2063,South,87993,Non-competitive,0.07164315972143262,Neutral,4
475,5,Trend 475,07/31/2062,07/31/2063,East,135870,Competitive,0.07667036317176265,Negative,8
476,1,Trend 476,08/31/2062,08/31/2063,West,96565,Competitive,0.024091518213853948,Neutral,5
477,2,Trend 477,09/30/2062,09/30/2063,West,148733,Non-competitive,0.0746897547563785,Positive,1
478,1,Trend 478,10/31/2062,10/31/2063,East,133531,Competitive,0.018713656962388907,Positive,6
479,9,Trend 479,11/30/2062,11/30/2063,North,120949,Competitive,0.07362545032347707,Neutral,8
480,6,Trend 480,12/31/2062,12/31/2063,North,128498,Competitive,0.010236861651295292,Neutral,7
481,7,Trend 481,01/31/2063,01/31/2064,South,90919,Competitive,0.07985852087143429,Negative,1
482,3,Trend 482,02/28/2063,02/29/2064,North,109519,Competitive,0.054240146630338555,Neutral,3
483,6,Trend 483,03/31/2063,03/31/2064,West,57738,Competitive,0.028394817966807838,Neutral,1
484,5,Trend 484,04/30/2063,04/30/2064,East,88017,Non-competitive,0.07563219530008557,Neutral,2
485,4,Trend 485,05/31/2063,05/31/2064,South,138360,Non-competitive,0.03840887186048448,Negative,3
486,1,Trend 486,06/30/2063,06/30/2064,North,145189,Non-competitive,0.08954358309977607,Negative,5
487,7,Trend 487,07/31/2063,07/31/2064,North,84213,Competitive,0.026221017270899982,Negative,6
488,3,Trend 488,08/31/2063,08/31/2064,West,68106,Non-competitive,0.09446955888574228,Neutral,5
489,2,Trend 489,09/30/2063,09/30/2064,South,60631,Non-competitive,0.09736751332478455,Negative,3
490,5,Trend 490,10/31/2063,10/31/2064,South,148456,Non-competitive,0.03740367196470978,Positive,1
491,5,Trend 491,11/30/2063,11/30/2064,South,57799,Non-competitive,0.08762377597338708,Neutral,3
492,1,Trend 492,12/31/2063,12/31/2064,West,68643,Competitive,0.0857961206980309,Positive,2
493,9,Trend 493,01/31/2064,01/31/2065,North,127050,Competitive,0.04821514390851426,Neutral,9
494,8,Trend 494,02/29/2064,02/28/2065,West,88313,Non-competitive,0.042731596706750634,Neutral,1
495,8,Trend 495,03/31/2064,03/31/2065,East,99502,Competitive,0.035419372591154054,Negative,1
496,7,Trend 496,04/30/2064,04/30/2065,North,95037,Non-competitive,0.09939131060189911,Neutral,5
497,2,Trend 497,05/31/2064,05/31/2065,South,76016,Competitive,0.03301759242567097,Neutral,7
498,8,Trend 498,06/30/2064,06/30/2065,South,87518,Competitive,0.092860803798321,Neutral,9
499,3,Trend 499,07/31/2064,07/31/2065,East,131305,Competitive,0.04855016923837503,Negative,6
500,5,Trend 500,08/31/2064,08/31/2065,East,112861,Competitive,0.09418843111072679,Negative,8
501,6,Trend 501,09/30/2064,09/30/2065,South,78547,Competitive,0.08549603507783646,Positive,8
502,7,Trend 502,10/31/2064,10/31/2065,East,130349,Non-competitive,0.024019959305396157,Neutral,1
503,8,Trend 503,11/30/2064,11/30/2065,West,83948,Non-competitive,0.061685501891579494,Positive,6
504,3,Trend 504,12/31/2064,12/31/2065,East,136780,Competitive,0.07061527132171175,Negative,3
505,1,Trend 505,01/31/2065,01/31/2066,North,105116,Non-competitive,0.046523836539914064,Positive,3
506,6,Trend 506,02/28/2065,02/28/2066,South,64466,Non-competitive,0.010438934003400393,Negative,9
507,3,Trend 507,03/31/2065,03/31/2066,West,106124,Competitive,0.03927981967920644,Positive,3
508,8,Trend 508,04/30/2065,04/30/2066,West,59787,Competitive,0.08550504531759238,Neutral,7
509,8,Trend 509,05/31/2065,05/31/2066,West,93848,Non-competitive,0.01565415821955425,Negative,5
510,2,Trend 510,06/30/2065,06/30/2066,North,114680,Competitive,0.01948777717953855,Positive,5
511,2,Trend 511,07/31/2065,07/31/2066,South,109535,Competitive,0.07316086118607243,Positive,9
512,5,Trend 512,08/31/2065,08/31/2066,South,125761,Competitive,0.0562742440980569,Neutral,3
513,7,Trend 513,09/30/2065,09/30/2066,East,83490,Non-competitive,0.05483501424950611,Positive,1
514,6,Trend 514,10/31/2065,10/31/2066,West,122614,Non-competitive,0.04362487470337655,Neutral,9
515,7,Trend 515,11/30/2065,11/30/2066,South,131839,Non-competitive,0.06431622550041871,Positive,1
516,5,Trend 516,12/31/2065,12/31/2066,North,83980,Non-competitive,0.08663218901893346,Positive,2
517,2,Trend 517,01/31/2066,01/31/2067,East,126664,Competitive,0.03492307508220935,Neutral,5
518,2,Trend 518,02/28/2066,02/28/2067,East,84916,Non-competitive,0.08602852265592716,Neutral,6
519,6,Trend 519,03/31/2066,03/31/2067,North,99980,Competitive,0.047495723371490654,Positive,8
520,2,Trend 520,04/30/2066,04/30/2067,West,113408,Non-competitive,0.055088561115454654,Positive,3
521,3,Trend 521,05/31/2066,05/31/2067,North,129880,Competitive,0.07566610407113623,Negative,1
522,7,Trend 522,06/30/2066,06/30/2067,North,118949,Competitive,0.033284953675594656,Positive,5
523,3,Trend 523,07/31/2066,07/31/2067,North,107796,Competitive,0.0929473226790526,Negative,7
524,4,Trend 524,08/31/2066,08/31/2067,South,84025,Non-competitive,0.07318625178059635,Positive,6
525,4,Trend 525,09/30/2066,09/30/2067,South,67855,Non-competitive,0.06570373807877401,Positive,3
526,3,Trend 526,10/31/2066,10/31/2067,West,55046,Non-competitive,0.0345707953580726,Negative,4
527,4,Trend 527,11/30/2066,11/30/2067,North,145501,Competitive,0.07262636107235014,Negative,7
528,1,Trend 528,12/31/2066,12/31/2067,North,96653,Non-competitive,0.033149327360810985,Neutral,4
529,1,Trend 529,01/31/2067,01/31/2068,East,75673,Non-competitive,0.08348074032947297,Negative,2
530,2,Trend 530,02/28/2067,02/29/2068,South,97306,Competitive,0.011032520952061545,Negative,4
531,6,Trend 531,03/31/2067,03/31/2068,South,72212,Competitive,0.024988387925038612,Neutral,3
532,1,Trend 532,04/30/2067,04/30/2068,South,116539,Non-competitive,0.06020460898858532,Negative,7
533,6,Trend 533,05/31/2067,05/31/2068,West,90984,Competitive,0.07410528996422519,Positive,2
534,9,Trend 534,06/30/2067,06/30/2068,North,132977,Non-competitive,0.05432325885217994,Negative,4
535,9,Trend 535,07/31/2067,07/31/2068,West,138082,Non-competitive,0.08900285513319552,Positive,8
536,1,Trend 536,08/31/2067,08/31/2068,North,124062,Non-competitive,0.09782829438066223,Negative,7
537,1,Trend 537,09/30/2067,09/30/2068,West,69070,Competitive,0.0517849360789819,Positive,4
538,1,Trend 538,10/31/2067,10/31/2068,West,136830,Competitive,0.07911882815345253,Neutral,5
539,9,Trend 539,11/30/2067,11/30/2068,West,102430,Competitive,0.05452949204501746,Negative,7
540,6,Trend 540,12/31/2067,12/31/2068,East,89907,Non-competitive,0.06985889005022386,Positive,3
541,4,Trend 541,01/31/2068,01/31/2069,East,144029,Competitive,0.030238748197062917,Negative,6
542,5,Trend 542,02/29/2068,02/28/2069,East,69336,Non-competitive,0.019858754549464164,Neutral,8
543,1,Trend 543,03/31/2068,03/31/2069,South,107382,Non-competitive,0.09811080438167712,Neutral,6
544,9,Trend 544,04/30/2068,04/30/2069,East,68993,Competitive,0.08334951937353864,Negative,7
545,7,Trend 545,05/31/2068,05/31/2069,East,117598,Competitive,0.03568451792045779,Neutral,1
546,4,Trend 546,06/30/2068,06/30/2069,South,92541,Competitive,0.0627245545985129,Positive,1
547,1,Trend 547,07/31/2068,07/31/2069,South,105673,Competitive,0.04420640847509122,Positive,2
548,9,Trend 548,08/31/2068,08/31/2069,West,56263,Non-competitive,0.025870423669287913,Negative,3
549,2,Trend 549,09/30/2068,09/30/2069,South,109893,Competitive,0.04769516287472436,Neutral,3
550,7,Trend 550,10/31/2068,10/31/2069,South,146077,Non-competitive,0.036746901477705485,Neutral,9
551,7,Trend 551,11/30/2068,11/30/2069,West,94024,Non-competitive,0.011496169587961532,Positive,5
552,2,Trend 552,12/31/2068,12/31/2069,East,85994,Competitive,0.044863147629892866,Positive,8
553,4,Trend 553,01/31/2069,01/31/2070,West,128111,Non-competitive,0.0928821703424277,Neutral,2
554,8,Trend 554,02/28/2069,02/28/2070,West,96010,Non-competitive,0.0845380232836704,Positive,5
555,4,Trend 555,03/31/2069,03/31/2070,West,68455,Competitive,0.06166672796768959,Negative,1
556,3,Trend 556,04/30/2069,04/30/2070,West,87930,Non-competitive,0.03867821783023443,Negative,2
557,4,Trend 557,05/31/2069,05/31/2070,West,58557,Non-competitive,0.03081378653968938,Negative,4
558,1,Trend 558,06/30/2069,06/30/2070,North,94633,Competitive,0.09604176252678405,Negative,3
559,3,Trend 559,07/31/2069,07/31/2070,South,65569,Competitive,0.06081490891618407,Negative,2
560,9,Trend 560,08/31/2069,08/31/2070,South,60720,Non-competitive,0.02958447732032108,Positive,7
561,3,Trend 561,09/30/2069,09/30/2070,West,146410,Non-competitive,0.03245338459887606,Positive,1
562,1,Trend 562,10/31/2069,10/31/2070,West,78718,Competitive,0.09636365822778273,Negative,7
563,2,Trend 563,11/30/2069,11/30/2070,South,147901,Competitive,0.03149327199667528,Neutral,2
564,4,Trend 564,12/31/2069,12/31/2070,North,104162,Non-competitive,0.01960426795199841,Positive,6
565,5,Trend 565,01/31/2070,01/31/2071,East,82024,Competitive,0.02655657457774023,Neutral,4
566,9,Trend 566,02/28/2070,02/28/2071,East,103927,Competitive,0.07896023262261272,Positive,2
567,9,Trend 567,03/31/2070,03/31/2071,North,131355,Non-competitive,0.07378878303381352,Negative,8
568,9,Trend 568,04/30/2070,04/30/2071,West,141687,Competitive,0.049414773229941145,Negative,4
569,3,Trend 569,05/31/2070,05/31/2071,South,64470,Competitive,0.08144240564047826,Neutral,6
570,9,Trend 570,06/30/2070,06/30/2071,East,109754,Non-competitive,0.05657614229283575,Neutral,7
571,7,Trend 571,07/31/2070,07/31/2071,South,56768,Non-competitive,0.047223834501619634,Negative,3
572,5,Trend 572,08/31/2070,08/31/2071,West,78711,Non-competitive,0.020569774260483065,Negative,9
573,1,Trend 573,09/30/2070,09/30/2071,South,76926,Competitive,0.08955199593427143,Negative,2
574,6,Trend 574,10/31/2070,10/31/2071,South,121445,Non-competitive,0.034803389296928514,Neutral,9
575,6,Trend 575,11/30/2070,11/30/2071,East,54419,Competitive,0.06546346509968744,Neutral,9
576,7,Trend 576,12/31/2070,12/31/2071,East,52121,Competitive,0.09861218010646355,Positive,5
577,2,Trend 577,01/31/2071,01/31/2072,South,63336,Non-competitive,0.027047621983937842,Negative,4
578,8,Trend 578,02/28/2071,02/29/2072,North,56176,Competitive,0.09686691926137386,Positive,6
579,7,Trend 579,03/31/2071,03/31/2072,East,127654,Non-competitive,0.06874438315831259,Positive,9
580,6,Trend 580,04/30/2071,04/30/2072,East,72465,Non-competitive,0.02158584441368929,Neutral,1
581,8,Trend 581,05/31/2071,05/31/2072,West,105943,Non-competitive,0.07947344314657435,Negative,6
582,2,Trend 582,06/30/2071,06/30/2072,West,127187,Competitive,0.09565982004313844,Neutral,8
583,8,Trend 583,07/31/2071,07/31/2072,East,54693,Non-competitive,0.06065024947204825,Negative,3
584,6,Trend 584,08/31/2071,08/31/2072,North,133038,Competitive,0.07196996797823332,Negative,1
585,7,Trend 585,09/30/2071,09/30/2072,West,108787,Non-competitive,0.012371309098298453,Positive,1
586,8,Trend 586,10/31/2071,10/31/2072,West,90721,Non-competitive,0.09901681169571523,Positive,2
587,7,Trend 587,11/30/2071,11/30/2072,West,77409,Non-competitive,0.03866114078323143,Positive,3
588,8,Trend 588,12/31/2071,12/31/2072,East,106759,Competitive,0.012151340142959741,Neutral,7
589,6,Trend 589,01/31/2072,01/31/2073,North,140795,Competitive,0.08277077354269496,Neutral,8
590,7,Trend 590,02/29/2072,02/28/2073,South,103940,Competitive,0.09759272965903613,Neutral,5
591,9,Trend 591,03/31/2072,03/31/2073,North,136297,Competitive,0.0763829658925013,Positive,5
592,8,Trend 592,04/30/2072,04/30/2073,North,54199,Competitive,0.010246222544086032,Neutral,4
593,5,Trend 593,05/31/2072,05/31/2073,West,86765,Competitive,0.015702446023663177,Negative,1
594,3,Trend 594,06/30/2072,06/30/2073,North,136707,Competitive,0.06258424647048227,Negative,2
595,5,Trend 595,07/31/2072,07/31/2073,East,120723,Non-competitive,0.040214359698004284,Negative,6
596,1,Trend 596,08/31/2072,08/31/2073,East,73727,Competitive,0.0893650132676617,Neutral,4
597,1,Trend 597,09/30/2072,09/30/2073,East,57672,Non-competitive,0.08863024324212446,Neutral,5
598,4,Trend 598,10/31/2072,10/31/2073,North,91364,Non-competitive,0.09887670178339975,Neutral,5
599,6,Trend 599,11/30/2072,11/30/2073,South,78799,Competitive,0.07442487721653344,Negative,6
600,1,Trend 600,12/31/2072,12/31/2073,North,149527,Competitive,0.08891953298277865,Neutral,9
601,4,Trend 601,01/31/2073,01/31/2074,South,99615,Competitive,0.038768510067584736,Negative,5
602,7,Trend 602,02/28/2073,02/28/2074,East,129368,Competitive,0.020005925672782546,Negative,5
603,6,Trend 603,03/31/2073,03/31/2074,South,78055,Non-competitive,0.08788276952041418,Negative,9
604,2,Trend 604,04/30/2073,04/30/2074,East,122818,Competitive,0.037312533816537256,Negative,6
605,2,Trend 605,05/31/2073,05/31/2074,East,129804,Competitive,0.04773990683501977,Negative,6
606,9,Trend 606,06/30/2073,06/30/2074,South,87176,Non-competitive,0.06814272313644154,Positive,5
607,5,Trend 607,07/31/2073,07/31/2074,South,110553,Non-competitive,0.06445892207399614,Negative,4
608,8,Trend 608,08/31/2073,08/31/2074,North,80652,Competitive,0.0478830776063392,Neutral,2
609,1,Trend 609,09/30/2073,09/30/2074,East,120465,Competitive,0.044753546068353425,Neutral,9
610,2,Trend 610,10/31/2073,10/31/2074,South,115144,Competitive,0.02104129376731057,Positive,9
611,8,Trend 611,11/30/2073,11/30/2074,East,93893,Competitive,0.0580475695873075,Negative,9
612,2,Trend 612,12/31/2073,12/31/2074,North,76389,Non-competitive,0.03095686875195964,Positive,3
613,6,Trend 613,01/31/2074,01/31/2075,South,117341,Non-competitive,0.07793270659904153,Neutral,5
614,5,Trend 614,02/28/2074,02/28/2075,West,74982,Non-competitive,0.07073835257480501,Negative,3
615,6,Trend 615,03/31/2074,03/31/2075,East,55915,Competitive,0.0164734268328293,Positive,9
616,7,Trend 616,04/30/2074,04/30/2075,East,134369,Non-competitive,0.09903382162622204,Positive,7
617,3,Trend 617,05/31/2074,05/31/2075,East,140595,Non-competitive,0.08024112420169072,Negative,1
618,6,Trend 618,06/30/2074,06/30/2075,South,51640,Non-competitive,0.030504329820153782,Positive,4
619,4,Trend 619,07/31/2074,07/31/2075,North,103518,Competitive,0.012766853651472735,Positive,8
620,4,Trend 620,08/31/2074,08/31/2075,West,128900,Competitive,0.05305346479645288,Positive,4
621,6,Trend 621,09/30/2074,09/30/2075,East,56041,Non-competitive,0.041746819375096667,Positive,4
622,2,Trend 622,10/31/2074,10/31/2075,West,53056,Non-competitive,0.05918603494278052,Positive,8
623,8,Trend 623,11/30/2074,11/30/2075,North,114751,Non-competitive,0.0693697559882429,Negative,2
624,8,Trend 624,12/31/2074,12/31/2075,East,121100,Non-competitive,0.08174978266228645,Positive,6
625,1,Trend 625,01/31/2075,01/31/2076,South,84131,Competitive,0.011218991215521487,Positive,3
626,9,Trend 626,02/28/2075,02/29/2076,West,145990,Competitive,0.07428659624909907,Negative,3
627,7,Trend 627,03/31/2075,03/31/2076,East,69161,Non-competitive,0.03657825694917093,Negative,5
628,2,Trend 628,04/30/2075,04/30/2076,North,130920,Non-competitive,0.09877623180736753,Neutral,9
629,3,Trend 629,05/31/2075,05/31/2076,East,74045,Competitive,0.08616175575290036,Neutral,9
630,1,Trend 630,06/30/2075,06/30/2076,South,69391,Non-competitive,0.060436106297630375,Negative,9
631,5,Trend 631,07/31/2075,07/31/2076,East,74204,Competitive,0.06379891168391554,Positive,8
632,5,Trend 632,08/31/2075,08/31/2076,West,93875,Non-competitive,0.027286810570410158,Negative,1
633,7,Trend 633,09/30/2075,09/30/2076,North,80746,Competitive,0.030362642972835897,Positive,8
634,2,Trend 634,10/31/2075,10/31/2076,South,146973,Non-competitive,0.023861186050415605,Neutral,1
635,1,Trend 635,11/30/2075,11/30/2076,East,63593,Competitive,0.04400321927179976,Negative,7
636,5,Trend 636,12/31/2075,12/31/2076,South,81744,Competitive,0.020075989990742303,Positive,5
637,4,Trend 637,01/31/2076,01/31/2077,South,98534,Non-competitive,0.056014560427083575,Positive,6
638,1,Trend 638,02/29/2076,02/28/2077,East,124698,Competitive,0.06746301598613927,Negative,2
639,6,Trend 639,03/31/2076,03/31/2077,East,94711,Non-competitive,0.020999114041328495,Neutral,5
640,2,Trend 640,04/30/2076,04/30/2077,East,112411,Non-competitive,0.040977672303724136,Positive,9
641,2,Trend 641,05/31/2076,05/31/2077,East,91609,Competitive,0.016331309171668706,Negative,3
642,7,Trend 642,06/30/2076,06/30/2077,South,65843,Competitive,0.05731850685448624,Positive,8
643,1,Trend 643,07/31/2076,07/31/2077,West,122007,Competitive,0.06852607922827049,Positive,6
644,3,Trend 644,08/31/2076,08/31/2077,South,126469,Competitive,0.06539249272375926,Negative,8
645,9,Trend 645,09/30/2076,09/30/2077,West,105528,Non-competitive,0.08324826065285366,Negative,3
646,4,Trend 646,10/31/2076,10/31/2077,North,76178,Non-competitive,0.031200961285217835,Negative,4
647,8,Trend 647,11/30/2076,11/30/2077,West,133416,Competitive,0.06563636576564011,Negative,9
648,3,Trend 648,12/31/2076,12/31/2077,West,99410,Non-competitive,0.03725456673093766,Positive,9
649,6,Trend 649,01/31/2077,01/31/2078,North,144677,Non-competitive,0.01798909354712281,Negative,1
650,7,Trend 650,02/28/2077,02/28/2078,East,81869,Non-competitive,0.03747353244092319,Positive,8
651,1,Trend 651,03/31/2077,03/31/2078,West,91102,Non-competitive,0.016422082745015457,Positive,6
652,5,Trend 652,04/30/2077,04/30/2078,East,83037,Competitive,0.09627167899177037,Neutral,5
653,3,Trend 653,05/31/2077,05/31/2078,North,72881,Competitive,0.07544488914342364,Negative,3
654,4,Trend 654,06/30/2077,06/30/2078,West,92621,Non-competitive,0.019131477204160363,Negative,3
655,2,Trend 655,07/31/2077,07/31/2078,South,120226,Non-competitive,0.08076423901137343,Neutral,8
656,1,Trend 656,08/31/2077,08/31/2078,West,106214,Non-competitive,0.041693982408687866,Negative,6
657,6,Trend 657,09/30/2077,09/30/2078,South,101261,Competitive,0.09202916262914132,Neutral,3
658,8,Trend 658,10/31/2077,10/31/2078,East,142665,Non-competitive,0.05459476912724021,Neutral,2
659,1,Trend 659,11/30/2077,11/30/2078,North,93147,Competitive,0.08854234506863849,Positive,6
660,3,Trend 660,12/31/2077,12/31/2078,East,129004,Non-competitive,0.029847681526935135,Positive,5
661,3,Trend 661,01/31/2078,01/31/2079,West,131132,Non-competitive,0.04304730933129391,Positive,5
662,1,Trend 662,02/28/2078,02/28/2079,North,137980,Competitive,0.04301532479425445,Neutral,2
663,6,Trend 663,03/31/2078,03/31/2079,North,105811,Competitive,0.018741941344295673,Positive,4
664,2,Trend 664,04/30/2078,04/30/2079,North,86605,Competitive,0.039791299065921534,Neutral,7
665,2,Trend 665,05/31/2078,05/31/2079,West,88508,Competitive,0.06937388234549197,Neutral,3
666,7,Trend 666,06/30/2078,06/30/2079,West,86955,Non-competitive,0.05198891422363666,Negative,1
667,4,Trend 667,07/31/2078,07/31/2079,North,113200,Non-competitive,0.08913084127699882,Neutral,9
668,3,Trend 668,08/31/2078,08/31/2079,West,99766,Non-competitive,0.03427032397513135,Negative,9
669,2,Trend 669,09/30/2078,09/30/2079,South,62402,Non-competitive,0.041933741384948396,Negative,6
670,2,Trend 670,10/31/2078,10/31/2079,West,121991,Competitive,0.038831886113555106,Negative,7
671,3,Trend 671,11/30/2078,11/30/2079,East,60793,Non-competitive,0.05965641735595369,Negative,6
672,8,Trend 672,12/31/2078,12/31/2079,North,71313,Competitive,0.02693974740456591,Positive,5
673,6,Trend 673,01/31/2079,01/31/2080,North,52225,Non-competitive,0.025591984435735564,Negative,2
674,3,Trend 674,02/28/2079,02/29/2080,North,63653,Competitive,0.0945533731787609,Positive,7
675,5,Trend 675,03/31/2079,03/31/2080,East,112645,Non-competitive,0.043898294237169705,Neutral,8
676,8,Trend 676,04/30/2079,04/30/2080,West,72509,Non-competitive,0.06283883213947448,Negative,2
677,4,Trend 677,05/31/2079,05/31/2080,West,113152,Non-competitive,0.014963687651694146,Negative,5
678,6,Trend 678,06/30/2079,06/30/2080,West,140624,Competitive,0.02267721972094302,Positive,1
679,1,Trend 679,07/31/2079,07/31/2080,North,79478,Non-competitive,0.018672269667511898,Neutral,2
680,3,Trend 680,08/31/2079,08/31/2080,East,83543,Non-competitive,0.08309040111623316,Positive,9
681,2,Trend 681,09/30/2079,09/30/2080,North,56421,Competitive,0.01928321043251178,Positive,4
682,5,Trend 682,10/31/2079,10/31/2080,West,131669,Competitive,0.05646844411115943,Neutral,3
683,5,Trend 683,11/30/2079,11/30/2080,East,100703,Competitive,0.02400201081928667,Neutral,6
684,7,Trend 684,12/31/2079,12/31/2080,North,118215,Non-competitive,0.035093507988596374,Neutral,1
685,4,Trend 685,01/31/2080,01/31/2081,East,139936,Non-competitive,0.08943418022527631,Neutral,5
686,9,Trend 686,02/29/2080,02/28/2081,West,97551,Non-competitive,0.06684343886178196,Positive,4
687,9,Trend 687,03/31/2080,03/31/2081,East,135495,Non-competitive,0.0967296439191763,Negative,8
688,8,Trend 688,04/30/2080,04/30/2081,South,144561,Competitive,0.06397429290543938,Neutral,6
689,2,Trend 689,05/31/2080,05/31/2081,North,145474,Non-competitive,0.010856774459490222,Positive,4
690,9,Trend 690,06/30/2080,06/30/2081,West,79342,Competitive,0.04740769049683795,Neutral,4
691,8,Trend 691,07/31/2080,07/31/2081,North,78516,Competitive,0.012019757892281182,Positive,5
692,9,Trend 692,08/31/2080,08/31/2081,North,66544,Competitive,0.03825858952422518,Negative,7
693,3,Trend 693,09/30/2080,09/30/2081,North,117400,Non-competitive,0.05334624376486676,Neutral,7
694,3,Trend 694,10/31/2080,10/31/2081,East,129532,Competitive,0.061791340701142734,Neutral,4
695,6,Trend 695,11/30/2080,11/30/2081,West,136696,Competitive,0.03147851826360369,Negative,1
696,6,Trend 696,12/31/2080,12/31/2081,North,51688,Non-competitive,0.060245792060288676,Neutral,5
697,4,Trend 697,01/31/2081,01/31/2082,North,78494,Non-competitive,0.04554281206965106,Neutral,9
698,6,Trend 698,02/28/2081,02/28/2082,West,123667,Competitive,0.05559239687562344,Neutral,2
699,3,Trend 699,03/31/2081,03/31/2082,South,89730,Competitive,0.027637031308826943,Negative,5
700,8,Trend 700,04/30/2081,04/30/2082,South,146944,Competitive,0.024107644900308818,Neutral,7
701,5,Trend 701,05/31/2081,05/31/2082,North,111347,Non-competitive,0.07790653068421478,Neutral,9
702,2,Trend 702,06/30/2081,06/30/2082,North,145091,Non-competitive,0.03969759059249675,Negative,7
703,7,Trend 703,07/31/2081,07/31/2082,South,141572,Non-competitive,0.06797761232843948,Negative,4
704,9,Trend 704,08/31/2081,08/31/2082,East,142447,Non-competitive,0.06089100369314878,Negative,4
705,2,Trend 705,09/30/2081,09/30/2082,North,140369,Competitive,0.09095778242974639,Negative,7
706,9,Trend 706,10/31/2081,10/31/2082,North,145680,Non-competitive,0.08926152561163135,Neutral,1
707,2,Trend 707,11/30/2081,11/30/2082,South,137455,Competitive,0.04988002602941052,Negative,8
708,7,Trend 708,12/31/2081,12/31/2082,East,86623,Non-competitive,0.028426157784303137,Negative,4
709,3,Trend 709,01/31/2082,01/31/2083,West,77307,Competitive,0.06689731377626433,Neutral,3
710,7,Trend 710,02/28/2082,02/28/2083,North,122980,Non-competitive,0.06731523778118952,Positive,7
711,2,Trend 711,03/31/2082,03/31/2083,North,127041,Non-competitive,0.07231757530407425,Negative,1
712,9,Trend 712,04/30/2082,04/30/2083,West,101711,Competitive,0.091672588246132,Neutral,1
713,4,Trend 713,05/31/2082,05/31/2083,West,65826,Competitive,0.08043228802401386,Neutral,3
714,8,Trend 714,06/30/2082,06/30/2083,East,103661,Competitive,0.06627618422702622,Negative,2
715,1,Trend 715,07/31/2082,07/31/2083,East,121800,Non-competitive,0.06408690358582808,Negative,4
716,8,Trend 716,08/31/2082,08/31/2083,South,121834,Competitive,0.02914831324613279,Negative,1
717,1,Trend 717,09/30/2082,09/30/2083,North,97482,Non-competitive,0.06862288257980813,Negative,8
718,1,Trend 718,10/31/2082,10/31/2083,West,61911,Non-competitive,0.08330501536989442,Negative,5
719,8,Trend 719,11/30/2082,11/30/2083,South,53252,Competitive,0.0930090232767607,Positive,4
720,4,Trend 720,12/31/2082,12/31/2083,East,57804,Non-competitive,0.09249851008728394,Neutral,5
721,6,Trend 721,01/31/2083,01/31/2084,West,107877,Competitive,0.0604988925285373,Negative,8
722,3,Trend 722,02/28/2083,02/29/2084,South,55203,Competitive,0.0333850578166439,Positive,2
723,6,Trend 723,03/31/2083,03/31/2084,North,133279,Competitive,0.040041771114134504,Neutral,6
724,2,Trend 724,04/30/2083,04/30/2084,East,140558,Competitive,0.09979861290119384,Neutral,7
725,3,Trend 725,05/31/2083,05/31/2084,South,109205,Competitive,0.057303800939603744,Positive,7
726,6,Trend 726,06/30/2083,06/30/2084,East,127763,Non-competitive,0.08343160055540402,Neutral,1
727,4,Trend 727,07/31/2083,07/31/2084,North,124238,Competitive,0.0637314569006115,Neutral,4
728,4,Trend 728,08/31/2083,08/31/2084,South,52824,Non-competitive,0.055623734859549405,Neutral,5
729,7,Trend 729,09/30/2083,09/30/2084,West,108824,Competitive,0.0413685653775128,Neutral,9
730,2,Trend 730,10/31/2083,10/31/2084,South,83771,Competitive,0.05839934754081723,Positive,3
731,9,Trend 731,11/30/2083,11/30/2084,East,77259,Competitive,0.010606123629478298,Positive,2
732,2,Trend 732,12/31/2083,12/31/2084,North,109999,Non-competitive,0.08890172259369165,Negative,6
733,9,Trend 733,01/31/2084,01/31/2085,West,118569,Non-competitive,0.06053378333794115,Neutral,8
734,7,Trend 734,02/29/2084,02/28/2085,South,60316,Non-competitive,0.012185328279221072,Negative,5
735,5,Trend 735,03/31/2084,03/31/2085,West,51722,Non-competitive,0.08363572707980489,Positive,8
736,7,Trend 736,04/30/2084,04/30/2085,East,125588,Competitive,0.02218189517758659,Neutral,1
737,6,Trend 737,05/31/2084,05/31/2085,South,98186,Competitive,0.012757482828178275,Neutral,3
738,5,Trend 738,06/30/2084,06/30/2085,South,100641,Competitive,0.05161018637216042,Positive,4
739,8,Trend 739,07/31/2084,07/31/2085,South,121615,Competitive,0.09645910257582968,Negative,6
740,3,Trend 740,08/31/2084,08/31/2085,North,64644,Non-competitive,0.018425282361759124,Positive,6
741,1,Trend 741,09/30/2084,09/30/2085,South,122485,Competitive,0.015903866452153886,Neutral,2
742,3,Trend 742,10/31/2084,10/31/2085,East,139135,Competitive,0.08919420185997314,Positive,7
743,1,Trend 743,11/30/2084,11/30/2085,South,116483,Non-competitive,0.08392348373889597,Negative,3
744,6,Trend 744,12/31/2084,12/31/2085,North,98919,Non-competitive,0.08379724800205755,Negative,3
745,5,Trend 745,01/31/2085,01/31/2086,West,61974,Competitive,0.052103624303383465,Positive,5
746,2,Trend 746,02/28/2085,02/28/2086,East,85584,Competitive,0.04847428851044775,Neutral,8
747,5,Trend 747,03/31/2085,03/31/2086,North,84711,Non-competitive,0.04609614748910466,Positive,5
748,6,Trend 748,04/30/2085,04/30/2086,South,117817,Non-competitive,0.062399353792537644,Negative,4
749,3,Trend 749,05/31/2085,05/31/2086,North,52454,Non-competitive,0.07560736024385001,Negative,9
750,4,Trend 750,06/30/2085,06/30/2086,East,95627,Competitive,0.08058628021146634,Positive,9
751,2,Trend 751,07/31/2085,07/31/2086,West,103768,Competitive,0.06893192688043762,Negative,2
752,6,Trend 752,08/31/2085,08/31/2086,South,94290,Competitive,0.06062195482084119,Negative,5
753,2,Trend 753,09/30/2085,09/30/2086,North,107475,Competitive,0.047115334739826736,Negative,2
754,2,Trend 754,10/31/2085,10/31/2086,East,140597,Competitive,0.03879235558394691,Negative,2
755,8,Trend 755,11/30/2085,11/30/2086,East,87234,Non-competitive,0.03576230135435667,Positive,2
756,2,Trend 756,12/31/2085,12/31/2086,West,121822,Competitive,0.03665590465627677,Positive,1
757,3,Trend 757,01/31/2086,01/31/2087,West,147359,Competitive,0.07144775795479989,Positive,5
758,7,Trend 758,02/28/2086,02/28/2087,East,56851,Non-competitive,0.07861970639436214,Positive,2
759,1,Trend 759,03/31/2086,03/31/2087,South,131233,Non-competitive,0.06378578082909786,Neutral,7
760,8,Trend 760,04/30/2086,04/30/2087,East,58128,Competitive,0.030057750302820478,Neutral,2
761,8,Trend 761,05/31/2086,05/31/2087,West,101178,Competitive,0.027495551845425063,Positive,3
762,5,Trend 762,06/30/2086,06/30/2087,East,101628,Competitive,0.07891175068936786,Negative,9
763,4,Trend 763,07/31/2086,07/31/2087,South,68082,Competitive,0.09808244370775408,Neutral,6
764,3,Trend 764,08/31/2086,08/31/2087,South,78750,Competitive,0.011431896543330627,Neutral,1
765,8,Trend 765,09/30/2086,09/30/2087,North,111291,Competitive,0.032400832778432184,Positive,1
766,9,Trend 766,10/31/2086,10/31/2087,South,68860,Non-competitive,0.08130815845936731,Negative,9
767,6,Trend 767,11/30/2086,11/30/2087,North,130188,Competitive,0.07472487679780193,Negative,8
768,3,Trend 768,12/31/2086,12/31/2087,East,109971,Competitive,0.03213819619654914,Negative,3
769,5,Trend 769,01/31/2087,01/31/2088,North,67578,Competitive,0.05994031429682608,Negative,2
770,3,Trend 770,02/28/2087,02/29/2088,West,93414,Non-competitive,0.06270272146891187,Neutral,3
771,3,Trend 771,03/31/2087,03/31/2088,West,111097,Non-competitive,0.07492458489825067,Negative,1
772,4,Trend 772,04/30/2087,04/30/2088,West,141332,Competitive,0.0517306340091431,Positive,4
773,6,Trend 773,05/31/2087,05/31/2088,South,110524,Competitive,0.046436362437045055,Negative,6
774,7,Trend 774,06/30/2087,06/30/2088,South,147639,Competitive,0.037720852373880065,Positive,9
775,5,Trend 775,07/31/2087,07/31/2088,East,77513,Competitive,0.03144780175661405,Positive,6
776,1,Trend 776,08/31/2087,08/31/2088,North,136183,Non-competitive,0.018325302233554358,Positive,7
777,3,Trend 777,09/30/2087,09/30/2088,West,100896,Non-competitive,0.06812950486758781,Neutral,2
778,9,Trend 778,10/31/2087,10/31/2088,West,149139,Competitive,0.07026134036862126,Negative,3
779,4,Trend 779,11/30/2087,11/30/2088,South,77133,Non-competitive,0.07186091265251625,Positive,5
780,8,Trend 780,12/31/2087,12/31/2088,South,88370,Non-competitive,0.01028311484179352,Positive,4
781,4,Trend 781,01/31/2088,01/31/2089,North,89974,Competitive,0.049442772926888756,Positive,4
782,3,Trend 782,02/29/2088,02/28/2089,South,78363,Competitive,0.021029802842022684,Positive,1
783,4,Trend 783,03/31/2088,03/31/2089,West,52035,Non-competitive,0.05739484021356767,Negative,4
784,9,Trend 784,04/30/2088,04/30/2089,West,137813,Non-competitive,0.09817656588116869,Negative,6
785,9,Trend 785,05/31/2088,05/31/2089,East,72901,Non-competitive,0.054934930986700437,Negative,2
786,1,Trend 786,06/30/2088,06/30/2089,West,139692,Non-competitive,0.043718498134616875,Negative,7
787,3,Trend 787,07/31/2088,07/31/2089,West,115430,Non-competitive,0.08324559931551359,Negative,4
788,7,Trend 788,08/31/2088,08/31/2089,North,90743,Non-competitive,0.09713812944202296,Neutral,4
789,9,Trend 789,09/30/2088,09/30/2089,North,74649,Competitive,0.03584110397759158,Neutral,4
790,4,Trend 790,10/31/2088,10/31/2089,East,115550,Competitive,0.08227000357718509,Negative,7
791,7,Trend 791,11/30/2088,11/30/2089,West,72575,Competitive,0.09965272936269429,Negative,9
792,5,Trend 792,12/31/2088,12/31/2089,West,136145,Non-competitive,0.020064181577644703,Negative,7
793,8,Trend 793,01/31/2089,01/31/2090,North,136214,Competitive,0.05779426191285,Negative,8
794,7,Trend 794,02/28/2089,02/28/2090,East,116451,Competitive,0.08321739215365002,Neutral,4
795,4,Trend 795,03/31/2089,03/31/2090,South,114271,Competitive,0.04386647652912084,Neutral,4
796,3,Trend 796,04/30/2089,04/30/2090,East,60609,Non-competitive,0.05011970736472528,Negative,8
797,2,Trend 797,05/31/2089,05/31/2090,South,99761,Non-competitive,0.077581230369811,Negative,6
798,6,Trend 798,06/30/2089,06/30/2090,North,120759,Non-competitive,0.018851174105357825,Positive,2
799,6,Trend 799,07/31/2089,07/31/2090,North,67250,Competitive,0.042447367449681486,Negative,9
800,7,Trend 800,08/31/2089,08/31/2090,North,106373,Competitive,0.06073356297578103,Neutral,4
801,5,Trend 801,09/30/2089,09/30/2090,East,107236,Competitive,0.031472703634832545,Positive,6
802,7,Trend 802,10/31/2089,10/31/2090,East,53110,Non-competitive,0.08559583945498296,Neutral,4
803,8,Trend 803,11/30/2089,11/30/2090,North,149889,Competitive,0.07892658930609454,Neutral,2
804,9,Trend 804,12/31/2089,12/31/2090,East,142881,Competitive,0.09689883216331048,Negative,4
805,6,Trend 805,01/31/2090,01/31/2091,West,116746,Non-competitive,0.05706892675123559,Positive,5
806,8,Trend 806,02/28/2090,02/28/2091,West,66012,Non-competitive,0.01958721921915338,Negative,7
807,3,Trend 807,03/31/2090,03/31/2091,West,131483,Competitive,0.09429553207553383,Positive,8
808,6,Trend 808,04/30/2090,04/30/2091,West,131589,Non-competitive,0.08508123905467142,Neutral,7
809,4,Trend 809,05/31/2090,05/31/2091,West,71016,Non-competitive,0.05899763449029139,Positive,7
810,5,Trend 810,06/30/2090,06/30/2091,North,70502,Competitive,0.08526720496468637,Negative,4
811,6,Trend 811,07/31/2090,07/31/2091,East,68029,Competitive,0.08935218274185482,Positive,3
812,3,Trend 812,08/31/2090,08/31/2091,South,127720,Non-competitive,0.07984730236302079,Neutral,5
813,5,Trend 813,09/30/2090,09/30/2091,South,56046,Non-competitive,0.06141285793381757,Negative,5
814,1,Trend 814,10/31/2090,10/31/2091,East,131367,Competitive,0.06537688493194742,Neutral,3
815,4,Trend 815,11/30/2090,11/30/2091,East,113360,Competitive,0.08599516143790228,Positive,4
816,6,Trend 816,12/31/2090,12/31/2091,East,143527,Competitive,0.06599949726825405,Positive,7
817,3,Trend 817,01/31/2091,01/31/2092,West,145469,Competitive,0.02858319632688685,Negative,9
818,7,Trend 818,02/28/2091,02/29/2092,West,87027,Non-competitive,0.07223395811985729,Positive,5
819,3,Trend 819,03/31/2091,03/31/2092,East,80970,Competitive,0.057881237506964354,Positive,9
820,9,Trend 820,04/30/2091,04/30/2092,North,137725,Competitive,0.03369223530101706,Positive,6
821,1,Trend 821,05/31/2091,05/31/2092,South,135951,Competitive,0.010070788737667279,Neutral,9
822,3,Trend 822,06/30/2091,06/30/2092,North,148985,Competitive,0.03119479851699223,Positive,6
823,7,Trend 823,07/31/2091,07/31/2092,South,77370,Non-competitive,0.07062100281784288,Positive,8
824,5,Trend 824,08/31/2091,08/31/2092,West,135134,Non-competitive,0.08904881797128503,Positive,2
825,9,Trend 825,09/30/2091,09/30/2092,West,72763,Competitive,0.0847632312316511,Positive,9
826,5,Trend 826,10/31/2091,10/31/2092,West,140600,Non-competitive,0.019729664702965936,Positive,4
827,4,Trend 827,11/30/2091,11/30/2092,East,57230,Competitive,0.016401248157055445,Negative,1
828,5,Trend 828,12/31/2091,12/31/2092,South,132590,Competitive,0.07854330806911046,Neutral,9
829,9,Trend 829,01/31/2092,01/31/2093,East,71157,Competitive,0.03563500349064761,Negative,1
830,4,Trend 830,02/29/2092,02/28/2093,East,94641,Competitive,0.03446227472469592,Positive,4
831,6,Trend 831,03/31/2092,03/31/2093,East,50621,Non-competitive,0.010180027054758853,Negative,6
832,3,Trend 832,04/30/2092,04/30/2093,South,99447,Competitive,0.018868510957649777,Neutral,9
833,1,Trend 833,05/31/2092,05/31/2093,East,64474,Competitive,0.022203734265311782,Positive,8
834,8,Trend 834,06/30/2092,06/30/2093,South,56198,Non-competitive,0.02434241856062769,Neutral,2
835,9,Trend 835,07/31/2092,07/31/2093,West,115101,Non-competitive,0.05007822423538288,Neutral,3
836,2,Trend 836,08/31/2092,08/31/2093,North,137674,Non-competitive,0.08327222332514382,Neutral,9
837,5,Trend 837,09/30/2092,09/30/2093,East,80381,Non-competitive,0.08310683038316029,Negative,6
838,7,Trend 838,10/31/2092,10/31/2093,North,75211,Competitive,0.09189906595142033,Positive,4
839,2,Trend 839,11/30/2092,11/30/2093,North,52792,Competitive,0.04992328347583004,Neutral,9
840,7,Trend 840,12/31/2092,12/31/2093,East,55271,Non-competitive,0.0737839457150512,Neutral,9
841,4,Trend 841,01/31/2093,01/31/2094,East,52129,Competitive,0.05395007063084039,Negative,9
842,5,Trend 842,02/28/2093,02/28/2094,East,84663,Competitive,0.01448583023210689,Positive,1
843,4,Trend 843,03/31/2093,03/31/2094,West,128161,Competitive,0.01723882905725924,Neutral,3
844,8,Trend 844,04/30/2093,04/30/2094,South,51617,Competitive,0.03213481016945252,Neutral,1
845,4,Trend 845,05/31/2093,05/31/2094,North,81776,Competitive,0.09834595557607151,Positive,5
846,9,Trend 846,06/30/2093,06/30/2094,East,121566,Non-competitive,0.07227255063491064,Negative,3
847,4,Trend 847,07/31/2093,07/31/2094,South,127854,Competitive,0.034120682367158844,Neutral,6
848,5,Trend 848,08/31/2093,08/31/2094,East,96202,Non-competitive,0.07356369200961846,Negative,7
849,5,Trend 849,09/30/2093,09/30/2094,East,141239,Non-competitive,0.06952115209434127,Positive,8
850,5,Trend 850,10/31/2093,10/31/2094,North,67280,Non-competitive,0.013896114478651673,Positive,8
851,7,Trend 851,11/30/2093,11/30/2094,South,83445,Non-competitive,0.04253388261775642,Neutral,3
852,4,Trend 852,12/31/2093,12/31/2094,West,118802,Competitive,0.07963551850620644,Positive,6
853,1,Trend 853,01/31/2094,01/31/2095,West,138552,Non-competitive,0.01706706233506932,Neutral,9
854,5,Trend 854,02/28/2094,02/28/2095,North,123898,Non-competitive,0.08959457050982844,Positive,6
855,7,Trend 855,03/31/2094,03/31/2095,South,59789,Non-competitive,0.09377814666291025,Neutral,1
856,5,Trend 856,04/30/2094,04/30/2095,North,83554,Competitive,0.08677769611509009,Neutral,9
857,4,Trend 857,05/31/2094,05/31/2095,West,95440,Competitive,0.020563984369085322,Positive,7
858,1,Trend 858,06/30/2094,06/30/2095,South,114685,Competitive,0.060865613353172074,Positive,9
859,7,Trend 859,07/31/2094,07/31/2095,South,139682,Competitive,0.07368039530490009,Negative,2
860,3,Trend 860,08/31/2094,08/31/2095,North,100631,Competitive,0.08991820809461583,Positive,4
861,3,Trend 861,09/30/2094,09/30/2095,East,105110,Competitive,0.018619842636983158,Negative,9
862,1,Trend 862,10/31/2094,10/31/2095,West,70448,Non-competitive,0.08341935260943956,Negative,2
863,2,Trend 863,11/30/2094,11/30/2095,West,93829,Competitive,0.03502146985019038,Neutral,4
864,3,Trend 864,12/31/2094,12/31/2095,South,74951,Competitive,0.06330586471893225,Neutral,8
865,5,Trend 865,01/31/2095,01/31/2096,East,123130,Non-competitive,0.07478161384365277,Neutral,4
866,7,Trend 866,02/28/2095,02/29/2096,West,119928,Competitive,0.07993172344243758,Neutral,4
867,1,Trend 867,03/31/2095,03/31/2096,East,69429,Non-competitive,0.036519836409898254,Neutral,5
868,7,Trend 868,04/30/2095,04/30/2096,East,110584,Non-competitive,0.06466388850539874,Neutral,5
869,1,Trend 869,05/31/2095,05/31/2096,South,80684,Non-competitive,0.035872558678209744,Positive,8
870,1,Trend 870,06/30/2095,06/30/2096,West,89839,Competitive,0.09984850752560227,Neutral,4
871,3,Trend 871,07/31/2095,07/31/2096,South,89172,Competitive,0.08330550471481157,Positive,7
872,7,Trend 872,08/31/2095,08/31/2096,East,138093,Non-competitive,0.04725801246424308,Positive,9
873,5,Trend 873,09/30/2095,09/30/2096,North,112115,Non-competitive,0.08912279670978124,Neutral,2
874,2,Trend 874,10/31/2095,10/31/2096,West,140019,Competitive,0.07592510035976084,Negative,6
875,6,Trend 875,11/30/2095,11/30/2096,South,145134,Non-competitive,0.09358722376549805,Negative,6
876,9,Trend 876,12/31/2095,12/31/2096,North,74879,Non-competitive,0.02544496248222318,Neutral,2
877,3,Trend 877,01/31/2096,01/31/2097,East,117407,Competitive,0.036535150442878674,Neutral,1
878,3,Trend 878,02/29/2096,02/28/2097,South,87511,Non-competitive,0.0184363008467178,Negative,3
879,7,Trend 879,03/31/2096,03/31/2097,North,101636,Competitive,0.038618292851084146,Positive,4
880,6,Trend 880,04/30/2096,04/30/2097,West,128601,Non-competitive,0.04430697523718843,Positive,6
881,2,Trend 881,05/31/2096,05/31/2097,West,113283,Competitive,0.06694412856568782,Positive,7
882,3,Trend 882,06/30/2096,06/30/2097,North,70827,Non-competitive,0.052436794451372455,Positive,5
883,8,Trend 883,07/31/2096,07/31/2097,West,120259,Competitive,0.07459020826993423,Positive,8
884,7,Trend 884,08/31/2096,08/31/2097,East,68251,Competitive,0.034230118015154305,Neutral,9
885,8,Trend 885,09/30/2096,09/30/2097,South,82142,Competitive,0.025575104726396604,Neutral,7
886,5,Trend 886,10/31/2096,10/31/2097,North,70925,Competitive,0.04412103424978288,Positive,1
887,6,Trend 887,11/30/2096,11/30/2097,East,133240,Competitive,0.04942732936850692,Negative,2
888,8,Trend 888,12/31/2096,12/31/2097,North,148060,Competitive,0.04799139110342503,Neutral,6
889,3,Trend 889,01/31/2097,01/31/2098,South,106347,Non-competitive,0.09222127179953726,Positive,8
890,4,Trend 890,02/28/2097,02/28/2098,North,141564,Competitive,0.03426103165122589,Negative,5
891,8,Trend 891,03/31/2097,03/31/2098,East,89671,Non-competitive,0.04168390624256413,Negative,8
892,5,Trend 892,04/30/2097,04/30/2098,North,65798,Non-competitive,0.029368869414699433,Negative,5
893,2,Trend 893,05/31/2097,05/31/2098,West,63456,Competitive,0.04347307102638456,Positive,2
894,6,Trend 894,06/30/2097,06/30/2098,North,52906,Non-competitive,0.04508698517479982,Negative,7
895,9,Trend 895,07/31/2097,07/31/2098,East,133345,Non-competitive,0.06178843514006871,Neutral,7
896,4,Trend 896,08/31/2097,08/31/2098,South,128523,Non-competitive,0.035052848076019875,Negative,5
897,2,Trend 897,09/30/2097,09/30/2098,West,89130,Non-competitive,0.03335430776570633,Neutral,7
898,1,Trend 898,10/31/2097,10/31/2098,South,149192,Non-competitive,0.07471552555508715,Negative,9
899,9,Trend 899,11/30/2097,11/30/2098,East,141639,Non-competitive,0.09191608368152901,Negative,3
900,9,Trend 900,12/31/2097,12/31/2098,East,139183,Competitive,0.02098871376070974,Negative,8
901,5,Trend 901,01/31/2098,01/31/2099,West,50549,Non-competitive,0.026406007367498638,Negative,2
902,5,Trend 902,02/28/2098,02/28/2099,East,53528,Non-competitive,0.021979868038831285,Negative,6
903,3,Trend 903,03/31/2098,03/31/2099,East,50979,Competitive,0.07152469145240475,Neutral,4
904,7,Trend 904,04/30/2098,04/30/2099,West,121535,Competitive,0.02926087954368943,Positive,4
905,9,Trend 905,05/31/2098,05/31/2099,North,142113,Competitive,0.06441144429757364,Negative,8
906,6,Trend 906,06/30/2098,06/30/2099,South,56311,Competitive,0.028151086132268473,Positive,9
907,8,Trend 907,07/31/2098,07/31/2099,South,112891,Competitive,0.08359814743238121,Negative,2
908,8,Trend 908,08/31/2098,08/31/2099,South,139926,Competitive,0.03844964190323783,Positive,5
909,8,Trend 909,09/30/2098,09/30/2099,West,103722,Non-competitive,0.07026550882172886,Negative,4
910,9,Trend 910,10/31/2098,10/31/2099,East,100633,Competitive,0.023386020652230482,Positive,3
911,9,Trend 911,11/30/2098,11/30/2099,East,51754,Competitive,0.03753509023775444,Negative,6
912,5,Trend 912,12/31/2098,12/31/2099,East,61308,Non-competitive,0.03675173007715088,Negative,7
913,7,Trend 913,01/31/2099,01/31/2100,North,78126,Non-competitive,0.0671571939290544,Positive,2
914,3,Trend 914,02/28/2099,02/28/2100,West,82272,Competitive,0.07127924744110031,Neutral,1
915,4,Trend 915,03/31/2099,03/31/2100,South,126378,Non-competitive,0.08607237818534413,Positive,6
916,5,Trend 916,04/30/2099,04/30/2100,East,97735,Competitive,0.026501221609203096,Positive,9
917,4,Trend 917,05/31/2099,05/31/2100,East,121084,Non-competitive,0.07843867878757947,Negative,3
918,6,Trend 918,06/30/2099,06/30/2100,South,74949,Competitive,0.07407454620514237,Positive,7
919,3,Trend 919,07/31/2099,07/31/2100,East,105253,Competitive,0.060178952266972535,Positive,7
920,7,Trend 920,08/31/2099,08/31/2100,South,139904,Competitive,0.06851466876841161,Neutral,6
921,7,Trend 921,09/30/2099,09/30/2100,North,118625,Competitive,0.01809955927294275,Neutral,5
922,1,Trend 922,10/31/2099,10/31/2100,North,94774,Non-competitive,0.023218823415031425,Negative,5
923,5,Trend 923,11/30/2099,11/30/2100,East,114819,Competitive,0.04740145486449723,Neutral,9
924,8,Trend 924,12/31/2099,12/31/2100,South,85888,Non-competitive,0.07402336194709225,Positive,7
925,4,Trend 925,01/31/2100,01/31/2101,West,56918,Competitive,0.02510390472612349,Positive,9
926,8,Trend 926,02/28/2100,02/28/2101,North,148508,Competitive,0.04500812253018776,Neutral,7
927,7,Trend 927,03/31/2100,03/31/2101,South,54858,Competitive,0.05481513584986836,Neutral,4
928,6,Trend 928,04/30/2100,04/30/2101,East,130235,Competitive,0.09415411542218878,Neutral,5
929,1,Trend 929,05/31/2100,05/31/2101,North,121362,Non-competitive,0.0149676623789055,Neutral,8
930,3,Trend 930,06/30/2100,06/30/2101,East,59459,Competitive,0.08461067418537369,Negative,2
931,4,Trend 931,07/31/2100,07/31/2101,North,95526,Competitive,0.09857438613089062,Neutral,8
932,3,Trend 932,08/31/2100,08/31/2101,East,119795,Non-competitive,0.03405453521679,Neutral,3
933,6,Trend 933,09/30/2100,09/30/2101,North,114462,Competitive,0.09010515733966823,Neutral,2
934,2,Trend 934,10/31/2100,10/31/2101,South,59954,Competitive,0.03612701248978683,Neutral,8
935,8,Trend 935,11/30/2100,11/30/2101,East,91589,Competitive,0.08191067483769686,Negative,9
936,9,Trend 936,12/31/2100,12/31/2101,West,147127,Competitive,0.05138716311993127,Neutral,3
937,8,Trend 937,01/31/2101,01/31/2102,West,50379,Non-competitive,0.06378477839891832,Neutral,2
938,4,Trend 938,02/28/2101,02/28/2102,South,101366,Non-competitive,0.03130006390885922,Positive,8
939,2,Trend 939,03/31/2101,03/31/2102,South,103757,Non-competitive,0.07188534659447335,Negative,7
940,8,Trend 940,04/30/2101,04/30/2102,North,138575,Non-competitive,0.023381637950190735,Neutral,6
941,4,Trend 941,05/31/2101,05/31/2102,North,146741,Competitive,0.06037178491015957,Negative,3
942,8,Trend 942,06/30/2101,06/30/2102,North,111905,Competitive,0.05448960374896118,Neutral,5
943,4,Trend 943,07/31/2101,07/31/2102,South,55412,Non-competitive,0.08534853963544778,Negative,7
944,9,Trend 944,08/31/2101,08/31/2102,East,99968,Competitive,0.05333216638363598,Positive,8
945,8,Trend 945,09/30/2101,09/30/2102,South,51411,Competitive,0.08062578639880563,Negative,4
946,5,Trend 946,10/31/2101,10/31/2102,North,126723,Non-competitive,0.04602648760621982,Negative,3
947,9,Trend 947,11/30/2101,11/30/2102,North,136133,Competitive,0.037711534008781473,Neutral,6
948,6,Trend 948,12/31/2101,12/31/2102,North,99651,Non-competitive,0.08085044227398465,Negative,9
949,7,Trend 949,01/31/2102,01/31/2103,South,93440,Non-competitive,0.047661783752028244,Negative,8
950,1,Trend 950,02/28/2102,02/28/2103,West,122323,Competitive,0.054708945509200156,Negative,3
951,4,Trend 951,03/31/2102,03/31/2103,South,56488,Non-competitive,0.06195902781918962,Positive,7
952,4,Trend 952,04/30/2102,04/30/2103,South,95881,Non-competitive,0.08376991641003957,Negative,1
953,6,Trend 953,05/31/2102,05/31/2103,North,82599,Competitive,0.06231879771640475,Positive,4
954,2,Trend 954,06/30/2102,06/30/2103,South,112271,Competitive,0.0465528612412729,Neutral,8
955,9,Trend 955,07/31/2102,07/31/2103,South,97190,Non-competitive,0.02445281456583185,Negative,3
956,6,Trend 956,08/31/2102,08/31/2103,South,85861,Non-competitive,0.0731900174422698,Positive,6
957,3,Trend 957,09/30/2102,09/30/2103,North,93120,Non-competitive,0.08949095394866513,Positive,5
958,4,Trend 958,10/31/2102,10/31/2103,East,108913,Non-competitive,0.019754099911373696,Negative,9
959,4,Trend 959,11/30/2102,11/30/2103,North,88175,Competitive,0.05195925782317735,Positive,2
960,8,Trend 960,12/31/2102,12/31/2103,East,139924,Competitive,0.09410819546611315,Neutral,7
961,7,Trend 961,01/31/2103,01/31/2104,North,100759,Competitive,0.06071582507276538,Neutral,5
962,9,Trend 962,02/28/2103,02/29/2104,South,72629,Non-competitive,0.05907281626963273,Positive,2
963,8,Trend 963,03/31/2103,03/31/2104,West,90133,Non-competitive,0.01571279948903286,Neutral,3
964,9,Trend 964,04/30/2103,04/30/2104,West,143798,Non-competitive,0.05817701616659538,Negative,2
965,3,Trend 965,05/31/2103,05/31/2104,East,54091,Competitive,0.06890871734379443,Positive,2
966,8,Trend 966,06/30/2103,06/30/2104,North,88453,Competitive,0.02319326610698301,Negative,6
967,8,Trend 967,07/31/2103,07/31/2104,East,65116,Competitive,0.09607282548821619,Neutral,6
968,9,Trend 968,08/31/2103,08/31/2104,South,94916,Competitive,0.027653571274900847,Positive,4
969,8,Trend 969,09/30/2103,09/30/2104,North,76212,Competitive,0.07065333942021479,Positive,4
970,3,Trend 970,10/31/2103,10/31/2104,South,90672,Non-competitive,0.034690703806737964,Positive,6
971,4,Trend 971,11/30/2103,11/30/2104,East,93281,Competitive,0.019758775044868712,Neutral,8
972,8,Trend 972,12/31/2103,12/31/2104,South,68653,Non-competitive,0.03348107233253942,Positive,8
973,1,Trend 973,01/31/2104,01/31/2105,West,142366,Non-competitive,0.04007366501662673,Negative,7
974,5,Trend 974,02/29/2104,02/28/2105,East,139661,Non-competitive,0.05182586895079205,Positive,2
975,1,Trend 975,03/31/2104,03/31/2105,West,82291,Competitive,0.031092079906133864,Negative,3
976,9,Trend 976,04/30/2104,04/30/2105,East,54922,Competitive,0.0754753497992747,Positive,8
977,5,Trend 977,05/31/2104,05/31/2105,North,55662,Competitive,0.08264719918216082,Neutral,9
978,3,Trend 978,06/30/2104,06/30/2105,South,108976,Competitive,0.08118780364422544,Negative,1
979,8,Trend 979,07/31/2104,07/31/2105,North,91078,Non-competitive,0.07441736935521102,Negative,8
980,9,Trend 980,08/31/2104,08/31/2105,West,145083,Competitive,0.03426789215449204,Negative,6
981,4,Trend 981,09/30/2104,09/30/2105,West,82107,Competitive,0.028941201193660816,Neutral,2
982,5,Trend 982,10/31/2104,10/31/2105,East,74394,Non-competitive,0.019821549541727344,Negative,8
983,1,Trend 983,11/30/2104,11/30/2105,East,136051,Non-competitive,0.04570129912624777,Negative,5
984,8,Trend 984,12/31/2104,12/31/2105,West,135924,Non-competitive,0.017853997615842953,Neutral,6
985,8,Trend 985,01/31/2105,01/31/2106,East,95478,Non-competitive,0.06898506908342278,Negative,1
986,9,Trend 986,02/28/2105,02/28/2106,North,71959,Non-competitive,0.09548460229261765,Neutral,6
987,8,Trend 987,03/31/2105,03/31/2106,East,79880,Competitive,0.07800699525212368,Negative,3
988,2,Trend 988,04/30/2105,04/30/2106,North,50583,Competitive,0.02052025543885532,Neutral,7
989,5,Trend 989,05/31/2105,05/31/2106,South,91443,Competitive,0.011843312384656177,Positive,5
990,9,Trend 990,06/30/2105,06/30/2106,North,50707,Non-competitive,0.040139994680771215,Negative,2
991,4,Trend 991,07/31/2105,07/31/2106,West,109453,Competitive,0.09935885410831329,Positive,2
992,5,Trend 992,08/31/2105,08/31/2106,West,107170,Non-competitive,0.03815485731793012,Neutral,6
993,3,Trend 993,09/30/2105,09/30/2106,North,57394,Non-competitive,0.07637570189147155,Negative,9
994,1,Trend 994,10/31/2105,10/31/2106,South,135461,Competitive,0.07448764389322536,Negative,2
995,2,Trend 995,11/30/2105,11/30/2106,East,56871,Competitive,0.06153018379257532,Neutral,8
996,3,Trend 996,12/31/2105,12/31/2106,East,128383,Non-competitive,0.04308814519026733,Negative,6
997,9,Trend 997,01/31/2106,01/31/2107,West,120144,Competitive,0.02874391246270793,Neutral,7
998,4,Trend 998,02/28/2106,02/28/2107,East,96657,Non-competitive,0.09819992947992723,Positive,8
999,7,Trend 999,03/31/2106,03/31/2107,North,137829,Non-competitive,0.0159304393004613,Neutral,6
1000,8,Trend 1000,04/30/2106,04/30/2107,East,100069,Competitive,0.031260497674339,Negative,4
